Time,A,Angry,Blink,Blink_L,Blink_R,E,Fun,I,Joy,LookDown,LookLeft,LookRight,LookUp,Neutral,O,Sorrow,Surprised,U
0.0,0.049083951860666275,0.0,0.0,0.0,0.0,0.0032428940758109093,0.0,0.0,0.0,0.0,0.0,0.0,0.0,1.0,0.0,0.0,0.0,3.178808037773706e-05
0.11,0.3610014021396637,0.0,0.0,0.0,0.0,0.014013569802045822,0.0,0.0,0.0,0.0,0.0,0.0,0.0,1.0,0.0,0.0,0.0,1.3503949958248995e-05
0.22,0.5608189702033997,0.0,0.0,0.0,0.0,0.009422173723578453,0.0,0.0,0.0,0.0,0.0,0.0,0.0,1.0,0.0,0.0,0.0,7.106769771780819e-05
0.33,0.6862378716468811,0.0,0.0,0.0,0.0,0.0040019191801548,0.0,0.0,0.0,0.0,0.0,0.0,0.0,1.0,0.0,0.0,0.0,0.0009352095075882971
0.44,0.7065653800964355,0.0,0.0,0.0,0.0,0.003712461097165942,0.0,0.0,0.0,0.0,0.0,0.0,0.0,1.0,0.0,0.0,0.0,0.0003541712067089975
0.55,0.6863095760345459,0.0,0.0,0.0,0.0,0.011223729699850082,0.0,0.0,0.0,0.0,0.0,0.0,0.0,1.0,0.0,0.0,0.0,0.00017984959413297474
0.66,0.6575303077697754,0.0,0.0,0.0,0.0,0.031218180432915688,0.0,0.0,0.0,0.0,0.0,0.0,0.0,1.0,0.0,0.0,0.0,7.429481047438458e-05
0.77,0.3047068119049072,0.0,0.0,0.0,0.0,0.01619385927915573,0.0,0.40529268980026245,0.0,0.0,0.0,0.0,0.0,1.0,0.1054593026638031,0.0,0.0,2.876168036891613e-05
0.88,0.3096683919429779,0.0,0.0,0.0,0.0,0.00637352978810668,0.0,0.3412984013557434,0.0,0.0,0.0,0.0,0.0,1.0,0.26874449849128723,0.0,0.0,1.1319940313114785e-05
0.99,0.05511432886123657,0.0,0.0,0.0,0.0,6.872554877190851e-06,0.0,0.0607437901198864,0.0,0.0,0.0,0.0,0.0,1.0,0.8697701096534729,0.0,0.0,1.8889249275844122e-08
1.1,0.009809167124330997,0.0,0.0,0.0,0.0,1.2231670325490995e-06,0.0,0.010811089538037777,0.0,0.0,0.0,0.0,0.0,1.0,0.9767395853996277,0.0,0.0,3.3618809958113616e-09
1.21,0.34544581174850464,0.0,0.0,0.0,0.0,0.002520723966881633,0.0,0.03942414000630379,0.0,0.0,0.0,0.0,0.0,1.0,0.17383870482444763,0.0,0.0,4.477019956539152e-06
1.32,0.06148191913962364,0.0,0.0,0.0,0.0,0.0013663830468431115,0.0,0.6646339297294617,0.0,0.0,0.0,0.0,0.0,1.0,0.030939549207687378,0.0,0.0,2.4268128981930204e-06
1.43,0.08015632629394531,0.0,0.0,0.0,0.0,0.0005891402834095061,0.0,0.6928511261940002,0.0,0.0,0.0,0.0,0.0,1.0,0.005506575107574463,0.0,0.0,1.0463639910085476e-06
1.54,0.2958567142486572,0.0,0.0,0.0,0.0,1.2273150273856004e-09,0.0,0.6358767151832581,0.0,0.0,0.0,0.0,0.0,1.0,0.0009800521656870842,0.0,0.0,3.373282989743709e-12
1.65,0.43710070848464966,0.0,0.0,0.0,0.0,2.1843579722791162e-10,0.0,0.46317240595817566,0.0,0.0,0.0,0.0,0.0,1.0,0.00017442820535507053,0.0,0.0,6.003718030535288e-13
1.76,0.3066031038761139,0.0,0.0,0.0,0.0,3.8876870472881464e-11,0.0,0.6637824177742004,0.0,0.0,0.0,0.0,0.0,1.0,3.10444702336099e-05,0.0,0.0,1.0685330116382008e-13
1.87,0.41680020093917847,0.0,0.0,0.0,0.0,6.919248160541791e-12,0.0,0.40449151396751404,0.0,0.0,0.0,0.0,0.0,1.0,5.525248980120523e-06,0.0,0.0,1.901759050801713e-14
1.98,0.05563611164689064,0.0,0.0,0.0,0.0,0.8662561178207397,0.0,0.0539930984377861,0.0,0.0,0.0,0.0,0.0,1.0,7.375318205049552e-07,0.0,0.0,2.538542072811614e-15
2.09,0.00990203209221363,0.0,0.0,0.0,0.0,0.15417499840259552,0.0,0.6672267913818359,0.0,0.0,0.0,0.0,0.0,1.0,1.3126479814218328e-07,0.0,0.0,4.518057858786677e-16
2.2,0.001762349042110145,0.0,0.0,0.0,0.0,0.352537602186203,0.0,0.1662130057811737,0.0,0.0,0.0,0.0,0.0,1.0,2.3362320078490484e-08,0.0,0.0,8.041172288882732e-17
2.31,0.14406369626522064,0.0,0.09560287743806839,0.0,0.0,0.06274411082267761,0.0,0.24208229780197144,0.0,0.0,0.0,0.0,0.0,1.0,4.157990840525372e-09,0.0,0.0,5.180348239264276e-07
2.42,0.10254450142383575,0.0,0.0,0.0,0.0,0.011167109943926334,0.0,0.5310004949569702,0.0,0.0,0.0,0.0,0.0,1.0,0.13124999403953552,0.0,0.0,3.8855858974784496e-07
2.53,0.06746947765350342,0.0,0.0,0.0,0.0,0.001987505005672574,0.0,0.33598610758781433,0.0,0.0,0.0,0.0,0.0,1.0,0.06488800048828125,0.0,0.0,4.533379890709119e-19
2.64,0.016010820865631104,0.0,0.0,0.0,0.0,0.00047164419083856046,0.0,0.07973109185695648,0.0,0.0,0.0,0.0,0.0,1.0,0.4528545141220093,0.0,0.0,1.1615720296731524e-07
2.75,0.0028495830483734608,0.0,0.0,0.0,0.0,8.39425265439786e-05,0.0,0.3955380916595459,0.0,0.0,0.0,0.0,0.0,1.0,0.3687272071838379,0.0,0.0,5.02729413653924e-08
2.86,0.36603450775146484,0.0,0.0,0.0,0.0,1.4939970242267009e-05,0.0,0.29215019941329956,0.0,0.0,0.0,0.0,0.0,1.0,0.08342338353395462,0.0,0.0,2.052412995112718e-08
2.97,0.4167819917201996,0.0,0.0,0.0,0.0,2.658993025761447e-06,0.0,0.4320257008075714,0.0,0.0,0.0,0.0,0.0,1.0,0.014847570098936558,0.0,0.0,6.065004977409223e-22
3.08,0.07417824864387512,0.0,0.0,0.0,0.0,4.732436877930013e-07,0.0,0.7345085144042969,0.0,0.0,0.0,0.0,0.0,1.0,0.002642547944560647,0.0,0.0,1.0794410382116648e-22
3.19,0.1116395965218544,0.0,0.0,0.0,0.0,0.43736881017684937,0.0,0.13072669506072998,0.0,0.0,0.0,0.0,0.0,1.0,0.17579829692840576,0.0,0.0,1.921173073685708e-23
3.3,0.24867810308933258,0.0,0.0,0.0,0.0,0.1371506005525589,0.0,0.5571532845497131,0.0,0.0,0.0,0.0,0.0,1.0,0.03128831088542938,0.0,0.0,3.419273811900236e-24
3.41,0.8068022131919861,0.0,0.0,0.0,0.0,0.024409860372543335,0.0,0.0991613119840622,0.0,0.0,0.0,0.0,0.0,1.0,0.00556864682585001,0.0,0.0,6.730693780099273e-09
3.52,0.7155004739761353,0.0,0.0,0.0,0.0,0.004344432149082422,0.0,0.01764857955276966,0.0,0.0,0.0,0.0,0.0,1.0,0.000991099514067173,0.0,0.0,1.0831009692282751e-25
3.63,0.25637200474739075,0.0,0.0,0.0,0.0,0.0007732154917903244,0.0,0.20187149941921234,0.0,0.0,0.0,0.0,0.0,1.0,0.00017639440193306655,0.0,0.0,1.5006630382785602e-09
3.74,0.045628711581230164,0.0,0.0,0.0,0.0,0.00013761580339632928,0.0,0.03592880070209503,0.0,0.0,0.0,0.0,0.0,1.0,3.139441832900047e-05,0.0,0.0,3.4308689363009214e-27
3.85,0.5835360288619995,0.0,0.2619520127773285,0.0,0.0,2.4492650481988676e-05,0.0,0.3352032005786896,0.0,0.0,0.0,0.0,0.0,1.0,5.587532086792635e-06,0.0,0.0,4.550956000937134e-10
3.96,0.1335200071334839,0.0,0.5180310010910034,0.0,0.0,4.359165814094013e-06,0.0,0.07152420282363892,0.0,0.0,0.0,0.0,0.0,1.0,9.94460606307257e-07,0.0,0.0,0.7623140215873718
4.07,0.023763680830597878,0.0,0.2788090109825134,0.0,0.0,7.758379183542274e-07,0.0,0.012729769572615623,0.0,0.0,0.0,0.0,0.0,1.0,1.76992600131598e-07,0.0,0.0,0.95728600025177
4.18,0.004229424986988306,0.0,0.0031652639154344797,0.0,0.0,1.380824983243656e-07,0.0,0.002265626098960638,0.0,0.0,0.0,0.0,0.0,1.0,3.150088900838455e-08,0.0,0.0,0.9919868111610413
4.29,0.43816518783569336,0.0,0.0,0.0,0.0,2.6196200764161404e-08,0.0,0.0004032328142784536,0.0,0.0,0.0,0.0,0.0,1.0,5.606481945363839e-09,0.0,0.0,0.4203268885612488
4.4,0.8998411297798157,0.0,0.0,0.0,0.0,1.7195420198845568e-08,0.0,7.176677172537893e-05,0.0,0.0,0.0,0.0,0.0,1.0,9.978333714855125e-10,0.0,0.0,0.07480915635824203
4.51,0.5764375925064087,0.0,0.0,0.0,0.0,8.125122796798223e-09,0.0,9.579707693774253e-06,0.0,0.0,0.0,0.0,0.0,1.0,0.2734375,0.0,0.0,0.009985817596316338
4.62,0.44186949729919434,0.0,0.0,0.0,0.0,1.385507958362453e-10,0.0,2.2733099740435136e-06,0.0,0.0,0.0,0.0,0.0,1.0,0.3699660897254944,0.0,0.0,0.0023696809075772762
4.73,0.30745190382003784,0.0,0.0,0.0,0.0,2.4659059516540793e-11,0.0,4.04600200454297e-07,0.0,0.0,0.0,0.0,0.0,1.0,0.29465460777282715,0.0,0.0,0.00042175239650532603
4.84,0.05471983179450035,0.0,0.0,0.0,0.0,4.388781872644021e-12,0.0,7.201013829671865e-08,0.0,0.0,0.0,0.0,0.0,1.0,0.05244218930602074,0.0,0.0,7.506286783609539e-05
4.95,0.009738953784108162,0.0,0.0,0.0,0.0,7.811089015180572e-13,0.0,1.281626005322778e-08,0.0,0.0,0.0,0.0,0.0,1.0,0.00933358259499073,0.0,0.0,1.3359580407268368e-05
5.06,1.0214819923248797e-07,0.0,0.0,0.0,0.0,5.42874012410266e-09,0.0,0.0,0.0,0.0,0.0,0.0,0.0,1.0,0.0,0.0,0.0,9.641908799151722e-12
5.17,4.4267220999927304e-08,0.0,0.0,0.0,0.0,2.3526129933060247e-09,0.0,0.0,0.0,0.0,0.0,0.0,0.0,1.0,0.0,0.0,0.0,4.178444049096619e-12
5.28,0.31926000118255615,0.0,0.0,0.0,0.0,7.8041667572748e-10,0.0,0.0,0.0,0.0,0.0,0.0,0.0,1.0,0.0,0.0,0.0,0.015015670098364353
5.39,0.48837628960609436,0.0,0.0,0.0,0.0,0.06745515018701553,0.0,2.2810180411170222e-09,0.0,0.0,0.0,0.0,0.0,1.0,0.0016611770261079073,0.0,0.0,0.43728360533714294
5.5,0.0004113260074518621,0.0,0.0,0.0,0.0,3.299023922966049e-14,0.0,5.412963965945039e-10,0.0,0.0,0.0,0.0,0.0,1.0,0.00039420509710907936,0.0,0.0,0.18283149600028992
5.61,7.320719305425882e-05,0.0,0.0,0.0,0.0,0.13838620483875275,0.0,9.633911723927469e-11,0.0,0.0,0.0,0.0,0.0,1.0,7.016003655735403e-05,0.0,0.0,0.032540079206228256
5.72,0.11563800275325775,0.0,0.0,0.0,0.0,0.024629779160022736,0.0,0.4046874940395355,0.0,0.0,0.0,0.0,0.0,1.0,1.248698026756756e-05,0.0,0.0,0.2495660036802292
5.83,0.17839360237121582,0.0,0.0,0.0,0.0,0.004383570980280638,0.0,0.4767132103443146,0.0,0.0,0.0,0.0,0.0,1.0,0.04218972101807594,0.0,0.0,0.044417381286621094
5.94,0.03175022080540657,0.0,0.0,0.0,0.0,0.0011233730474486947,0.0,0.08484470844268799,0.0,0.0,0.0,0.0,0.0,1.0,0.8294482231140137,0.0,0.0,0.007905339822173119
6.05,0.005650857929140329,0.0,0.1845356971025467,0.0,0.0,0.00013885549560654908,0.0,0.015100539661943913,0.0,0.0,0.0,0.0,0.0,1.0,0.3914960026741028,0.0,0.0,0.0014069810276851058
6.16,0.0010057310573756695,0.0,0.48042020201683044,0.0,0.0,2.4713299353607e-05,0.0,0.0026875711046159267,0.0,0.0,0.0,0.0,0.0,1.0,0.06967786699533463,0.0,0.0,0.0002504122967366129
6.2700000000000005,0.00017899859813041985,0.0,0.20308010280132294,0.0,0.0,4.398436885821866e-06,0.0,0.00047832989366725087,0.0,0.0,0.0,0.0,0.0,1.0,0.012401159852743149,0.0,0.0,4.456800888874568e-05
6.38,0.003670668927952647,0.0,0.00020926649449393153,0.0,0.0,0.000506997515913099,0.0,0.0,0.0,0.0,0.0,0.0,0.0,1.0,0.0,0.0,0.0,5.642939868266694e-05
6.49,0.0017862370004877448,0.0,0.0,0.0,0.0,0.00024671730352565646,0.0,0.0,0.0,0.0,0.0,0.0,0.0,1.0,0.0,0.0,0.0,2.745992060226854e-05
6.6,0.11776229739189148,0.0,0.0,0.0,0.0,0.05538005009293556,0.0,0.0,0.0,0.0,0.0,0.0,0.0,1.0,0.0,0.0,0.0,1.1703429663612042e-05
6.71,0.434820294380188,0.0,0.0,0.0,0.0,0.231358602643013,0.0,0.0,0.0,0.0,0.0,0.0,0.0,1.0,0.0,0.0,0.0,4.554372935672291e-06
6.82,0.49957171082496643,0.0,0.0,0.0,0.0,0.28784069418907166,0.0,0.08770179748535156,0.0,0.0,0.0,0.0,0.0,1.0,0.0052317408844828606,0.0,0.0,1.880212948890403e-05
6.93,0.0389462411403656,0.0,0.0,0.0,0.0,3.3025528978214425e-07,0.0,0.015609039925038815,0.0,0.0,0.0,0.0,0.0,1.0,0.0009311374160461128,0.0,0.0,0.3843325972557068
7.04,0.006931594107300043,0.0,0.0,0.0,0.0,5.8778351075261526e-08,0.0,0.002778073074296117,0.0,0.0,0.0,0.0,0.0,1.0,0.00016572240565437824,0.0,0.0,0.06840295344591141
7.15,0.21957869827747345,0.0,0.0,0.0,0.0,0.12908640503883362,0.0,0.5473694801330566,0.0,0.0,0.0,0.0,0.0,1.0,2.949502959381789e-05,0.0,0.0,0.01217424962669611
7.26,0.1051504984498024,0.0,0.0,0.0,0.0,0.061816100031137466,0.0,0.5550372004508972,0.0,0.0,0.0,0.0,0.0,1.0,5.249482001090655e-06,0.0,0.0,0.2520417869091034
7.37,0.04503624141216278,0.0,0.0,0.0,0.0,0.026475990191102028,0.0,0.09502200782299042,0.0,0.0,0.0,0.0,0.0,1.0,8.987079240796447e-07,0.0,0.0,0.8334649205207825
7.48,0.04219445958733559,0.0,0.0,0.0,0.0,5.89776769088779e-11,0.0,0.017581559717655182,0.0,0.0,0.0,0.0,0.0,1.0,0.04218766838312149,0.0,0.0,0.21350930631160736
7.59,0.04518305882811546,0.0,0.0,0.0,0.0,0.012521740049123764,0.0,0.018167169764637947,0.0,0.0,0.0,0.0,0.0,1.0,0.005631374195218086,0.0,0.0,0.4657813012599945
7.7,0.009438511915504932,0.0,0.9911419153213501,0.0,0.0,0.005548730958253145,0.0,0.003233365947380662,0.0,0.0,0.0,0.0,0.0,1.0,0.0010022639762610197,0.0,0.0,0.6585388779640198
7.81,0.004445666912943125,0.0,0.9186733961105347,0.0,0.0,0.002613527001813054,0.0,0.6109235286712646,0.0,0.0,0.0,0.0,0.0,1.0,0.00023784179938957095,0.0,0.0,0.15627439320087433
7.92,0.0015440980205312371,0.0,0.7980669140815735,0.0,0.0,0.0009077475988306105,0.0,0.7663484215736389,0.0,0.0,0.0,0.0,0.0,1.0,4.233073923387565e-05,0.0,0.0,0.02781347930431366
8.03,6.0448379372246563e-05,0.0,0.4775218069553375,0.0,0.0,1.0532360031866028e-14,0.0,0.3315108120441437,0.0,0.0,0.0,0.0,0.0,1.0,7.533962161687668e-06,0.0,0.0,0.004950202070176601
8.14,1.0758510143205058e-05,0.0,0.015504430048167706,0.0,0.0,1.8745340989758915e-15,0.0,0.05900178849697113,0.0,0.0,0.0,0.0,0.0,1.0,1.3408830454864074e-06,0.0,0.0,0.000881029583979398
8.25,1.914783979373169e-06,0.0,0.0,0.0,0.0,3.3362669028656365e-16,0.0,0.010501050390303135,0.0,0.0,0.0,0.0,0.0,1.0,2.3864839704401675e-07,0.0,0.0,0.00015680439537391067
8.36,0.20076170563697815,0.0,0.0,0.0,0.0,0.16554659605026245,0.0,0.0,0.0,0.0,0.0,0.0,0.0,1.0,0.0,0.0,0.0,1.1321540371866945e-09
8.47,0.5780100226402283,0.0,0.0,0.0,0.0,0.27026990056037903,0.0,0.003322598058730364,0.0,0.0,0.0,0.0,0.0,1.0,7.55098525928588e-08,0.0,0.0,4.961387094226666e-05
8.58,0.902010977268219,0.0,0.0,0.0,0.0,0.09740351140499115,0.0,0.0005768223782069981,0.0,0.0,0.0,0.0,0.0,1.0,1.3108950369655759e-08,0.0,0.0,8.613257705292199e-06
8.69,0.9653425216674805,0.0,0.0,0.0,0.0,0.03455293923616409,0.0,0.00010299689893145114,0.0,0.0,0.0,0.0,0.0,1.0,2.340722948801499e-09,0.0,0.0,1.5379760043288115e-06
8.8,0.5874025225639343,0.0,0.0,0.0,0.0,5.951256899528741e-19,0.0,1.8731849195319228e-05,0.0,0.0,0.0,0.0,0.0,1.0,0.2734375,0.0,0.0,2.7970870064564224e-07
8.91,0.4333536922931671,0.0,0.22599439322948456,0.0,0.0,1.0591959855801436e-19,0.0,3.333866970933741e-06,0.0,0.0,0.0,0.0,0.0,1.0,0.3774746060371399,0.0,0.0,4.978214107609347e-08
9.02,0.40593621134757996,0.0,0.3173358142375946,0.0,0.0,1.8851410617166555e-20,0.0,5.933566171734128e-07,0.0,0.0,0.0,0.0,0.0,1.0,0.3959909975528717,0.0,0.0,8.860151723411036e-09
9.13,0.16980649530887604,0.0,0.012609129771590233,0.0,0.0,3.355145942607732e-21,0.0,1.056046983194392e-07,0.0,0.0,0.0,0.0,0.0,1.0,0.16803650557994843,0.0,0.0,1.5769170413904021e-09
9.24,0.030221909284591675,0.0,0.020605839788913727,0.0,0.0,5.971439763162769e-22,0.0,1.8795370593238658e-08,0.0,0.0,0.0,0.0,0.0,1.0,0.02990688942372799,0.0,0.0,2.806573029534576e-10
9.35,0.00537885120138526,0.0,0.07011832296848297,0.0,0.0,1.062787995175832e-22,0.0,3.3451730274691727e-09,0.0,0.0,0.0,0.0,0.0,1.0,0.005322784185409546,0.0,0.0,4.995097044324659e-11
9.46,0.0397876501083374,0.0,0.07647310942411423,0.0,0.0,0.027818279340863228,0.0,0.0,0.0,0.0,0.0,0.0,0.0,1.0,0.0,0.0,0.0,3.2530280552611757e-11
9.57,0.3260340988636017,0.0,0.006521659903228283,0.0,0.0,0.09717095643281937,0.0,0.0,0.0,0.0,0.0,0.0,0.0,1.0,0.0,0.0,0.0,1.4803240230842896e-11
9.68,0.4430314898490906,0.0,4.587110015563667e-05,0.0,0.0,0.09851480275392532,0.0,0.0,0.0,0.0,0.0,0.0,0.0,1.0,0.0,0.0,0.0,5.622322052367679e-12
9.790000000000001,0.4304502010345459,0.0,0.0,0.0,0.0,0.058387648314237595,0.0,1.881659938973712e-09,0.0,0.0,0.0,0.0,0.0,1.0,0.10299409925937653,0.0,0.0,2.8097420223804903e-11
9.9,0.39089488983154297,0.0,0.0,0.0,0.0,0.025324109941720963,0.0,0.08749999850988388,0.0,0.0,0.0,0.0,0.0,1.0,0.17213930189609528,0.0,0.0,5.000736803817407e-12
10.01,0.62921142578125,0.0,0.31769609451293945,0.0,0.0,0.0098772794008255,0.0,0.3304632902145386,0.0,0.0,0.0,0.0,0.0,1.0,0.030447930097579956,0.0,0.0,8.845281820359097e-13
10.12,0.17199620604515076,0.0,0.9621632099151611,0.0,0.0,3.3703258801997905e-25,0.0,0.7192370295524597,0.0,0.0,0.0,0.0,0.0,1.0,0.00545274605974555,0.0,0.0,1.5840509513895956e-13
10.23,0.24936160445213318,0.0,0.6489958167076111,0.0,0.0,5.998455798767402e-26,0.0,0.5998764038085938,0.0,0.0,0.0,0.0,0.0,1.0,0.0009704717085696757,0.0,0.0,2.8192710684982018e-14
10.34,0.2879832983016968,0.0,0.0,0.0,0.0,1.423462063393197e-26,0.0,0.6762402057647705,0.0,0.0,0.0,0.0,0.0,1.0,0.00023029750445857644,0.0,0.0,6.6902622053173055e-15
10.45,0.27413079142570496,0.0,0.0,0.0,0.0,2.533456071252434e-27,0.0,0.7194700837135315,0.0,0.0,0.0,0.0,0.0,1.0,4.0988001273944974e-05,0.0,0.0,1.1907230242289555e-15
10.56,0.0903177335858345,0.0,0.0,0.0,0.0,4.509007889546299e-28,0.0,0.5667464733123779,0.0,0.0,0.0,0.0,0.0,1.0,0.2050853967666626,0.0,0.0,2.1192310383582425e-16
10.67,0.8379316926002502,0.0,0.0,0.0,0.0,8.02506720730103e-29,0.0,0.10086870193481445,0.0,0.0,0.0,0.0,0.0,1.0,0.036500800400972366,0.0,0.0,3.7717758410135804e-17
10.78,0.36098718643188477,0.0,0.0,0.0,0.0,1.428289056520295e-29,0.0,0.5518391728401184,0.0,0.0,0.0,0.0,0.0,1.0,0.0064963591285049915,0.0,0.0,6.712949933178675e-18
10.89,0.6110842823982239,0.0,0.0,0.0,0.0,2.5420479110543457e-30,0.0,0.3673805892467499,0.0,0.0,0.0,0.0,0.0,1.0,0.0011562119470909238,0.0,0.0,1.1947609618102342e-18
11.0,0.10875990241765976,0.0,0.0,0.0,0.0,4.52429908117366e-31,0.0,0.0653858408331871,0.0,0.0,0.0,0.0,0.0,1.0,0.00020578100520651788,0.0,0.0,2.1264179495475243e-19
11.11,0.019356919452548027,0.0,0.0,0.0,0.0,8.05227971344347e-32,0.0,0.011637270450592041,0.0,0.0,0.0,0.0,0.0,1.0,3.662459130282514e-05,0.0,0.0,3.7845658524014826e-20
11.22,0.03635144978761673,0.0,0.0,0.0,0.0,0.004930828232318163,0.0,0.22082120180130005,0.0,0.0,0.0,0.0,0.0,1.0,0.13125650584697723,0.0,0.0,2.3243288804070117e-13
11.33,0.00061315658967942,0.0,0.0,0.0,0.0,2.550668090308834e-33,0.0,0.23156219720840454,0.0,0.0,0.0,0.0,0.0,1.0,0.13871729373931885,0.0,0.0,1.1988130102461953e-21
11.44,0.000109128697658889,0.0,0.18489320576190948,0.0,0.0,4.539642092618073e-34,0.0,0.04121309891343117,0.0,0.0,0.0,0.0,0.0,1.0,0.02468870021402836,0.0,0.0,2.1336289349076497e-22
11.55,1.9422559489612468e-05,0.0,0.2841303050518036,0.0,0.0,8.079587080877995e-35,0.0,0.007335045840591192,0.0,0.0,0.0,0.0,0.0,1.0,0.004394058138132095,0.0,0.0,3.797401901701716e-23
11.66,3.456797912804177e-06,0.0,0.21831199526786804,0.0,0.0,1.4379930587302954e-35,0.0,0.0013054809533059597,0.0,0.0,0.0,0.0,0.0,1.0,0.3288742005825043,0.0,0.0,6.758557916871966e-24
11.77,4.6142690734995995e-07,0.0,0.0,0.0,0.0,1.9194890403402507e-36,0.0,0.0001742605963954702,0.0,0.0,0.0,0.0,0.0,1.0,0.04389940947294235,0.0,0.0,9.021585875430508e-25
11.88,0.023730579763650894,0.0,0.0,0.0,0.0,0.0010957500198855996,0.0,0.6022874712944031,0.0,0.0,0.0,0.0,0.0,1.0,0.01041753962635994,0.0,0.0,5.1652238530156686e-14
11.99,0.004223532974720001,0.0,0.0,0.0,0.0,0.0004560739907901734,0.0,0.7648115158081055,0.0,0.0,0.0,0.0,0.0,1.0,0.0018540980527177453,0.0,0.0,2.149873974590516e-14
12.1,0.03041478991508484,0.0,0.0,0.0,0.0,0.7624664902687073,0.0,0.14798520505428314,0.0,0.0,0.0,0.0,0.0,1.0,0.00032998959068208933,0.0,0.0,8.352553776392029e-15
12.21,0.0054131788201630116,0.0,0.0,0.0,0.0,0.1357026994228363,0.0,0.8480309247970581,0.0,0.0,0.0,0.0,0.0,1.0,5.87310605624225e-05,0.0,0.0,1.2069569923951536e-27
12.32,0.0012845729943364859,0.0,0.0,0.0,0.0,0.03220288082957268,0.0,0.36468660831451416,0.0,0.0,0.0,0.0,0.0,1.0,0.5780810713768005,0.0,0.0,2.8641659760949217e-28
12.43,0.09778721630573273,0.0,0.0,0.0,0.0,0.005731420125812292,0.0,0.06490638852119446,0.0,0.0,0.0,0.0,0.0,1.0,0.20044459402561188,0.0,0.0,0.2498749941587448
12.540000000000001,0.017404019832611084,0.0,0.0,0.0,0.0,0.0010200700489804149,0.0,0.1365519016981125,0.0,0.0,0.0,0.0,0.0,1.0,0.5442252159118652,0.0,0.0,0.18283089995384216
12.65,0.0030975420959293842,0.0,0.0,0.0,0.0,0.0001815504947444424,0.0,0.2575797140598297,0.0,0.0,0.0,0.0,0.0,1.0,0.23682619631290436,0.0,0.0,0.0325399711728096
12.76,0.12242630124092102,0.0,0.0,0.0,0.0,0.24995729327201843,0.0,0.13959360122680664,0.0,0.0,0.0,0.0,0.0,1.0,0.04214997962117195,0.0,0.0,0.005791415926069021
12.87,0.3280391991138458,0.0,0.0,0.0,0.0,0.42889320850372314,0.0,0.19984470307826996,0.0,0.0,0.0,0.0,0.0,1.0,0.0075017898343503475,0.0,0.0,0.0010307480115443468
12.98,0.5890172123908997,0.0,0.0,0.0,0.0,0.07094032317399979,0.0,0.33863121271133423,0.0,0.0,0.0,0.0,0.0,1.0,0.0012408200418576598,0.0,0.0,0.00017048900190275162
13.09,0.3464207947254181,0.0,0.0,0.0,0.0,0.013585769571363926,0.0,0.5987380146980286,0.0,0.0,0.0,0.0,0.0,1.0,0.0002376293996348977,0.0,0.0,3.2650321372784674e-05
13.2,0.11043470352888107,0.0,0.0,0.0,0.0,0.002417975105345249,0.0,0.7397900819778442,0.0,0.0,0.0,0.0,0.0,1.0,4.229291880619712e-05,0.0,0.0,5.81105496166856e-06
13.31,0.06965502351522446,0.0,0.0,0.0,0.0,0.0004303476889617741,0.0,0.3541277050971985,0.0,0.0,0.0,0.0,0.0,1.0,0.4335578978061676,0.0,0.0,1.034243041431182e-06
13.42,0.6475874185562134,0.0,0.0,0.0,0.0,7.565161649836227e-05,0.0,0.2761208117008209,0.0,0.0,0.0,0.0,0.0,1.0,0.076215960085392,0.0,0.0,1.81811500965523e-07
13.53,0.6382285952568054,0.0,0.14073289930820465,0.0,0.0,1.2570680155477021e-05,0.0,0.34909430146217346,0.0,0.0,0.0,0.0,0.0,1.0,0.012664450332522392,0.0,0.0,3.0210781432060685e-08
13.64,0.4883364140987396,0.0,0.3796370029449463,0.0,0.0,2.262798034280422e-06,0.0,0.27623990178108215,0.0,0.0,0.0,0.0,0.0,1.0,0.23542149364948273,0.0,0.0,5.438122840928372e-09
13.75,0.09201382100582123,0.0,0.576608419418335,0.0,0.0,4.263633002210554e-07,0.0,0.05204994976520538,0.0,0.0,0.0,0.0,0.0,1.0,0.85593581199646,0.0,0.0,1.0246680171022149e-09
13.86,0.24002310633659363,0.0,0.20770800113677979,0.0,0.0,7.685238045951337e-08,0.0,0.1843820959329605,0.0,0.0,0.0,0.0,0.0,1.0,0.46613460779190063,0.0,0.0,1.8469729912151678e-10
13.97,0.31644898653030396,0.0,0.0,0.0,0.0,1.3678070232003847e-08,0.0,0.12971550226211548,0.0,0.0,0.0,0.0,0.0,1.0,0.08296194672584534,0.0,0.0,3.287214944691641e-11
14.08,0.46100860834121704,0.0,0.0,0.0,0.0,9.923203236894551e-08,0.0,0.2543365955352783,0.0,0.0,0.0,0.0,0.0,1.0,0.014765449799597263,0.0,0.0,5.8505362013350215e-12
14.19,0.6901897192001343,0.0,0.0,0.0,0.0,4.262138020294515e-08,0.0,0.14282509684562683,0.0,0.0,0.0,0.0,0.0,1.0,0.14323890209197998,0.0,0.0,1.0412700432796407e-12
14.3,0.4889155924320221,0.0,0.0,0.0,0.0,1.0281730328243199e-10,0.0,0.033893048763275146,0.0,0.0,0.0,0.0,0.0,1.0,0.0339912511408329,0.0,0.0,2.470982132015548e-13
14.41,0.08701646327972412,0.0,0.0,0.0,0.0,1.8299280493683234e-11,0.0,0.00603223592042923,0.0,0.0,0.0,0.0,0.0,1.0,0.006049713119864464,0.0,0.0,4.397817085000956e-14
14.52,0.015487059950828552,0.0,0.0,0.0,0.0,3.2568780571756717e-12,0.0,0.0010736079420894384,0.0,0.0,0.0,0.0,0.0,1.0,0.0010767190251499414,0.0,0.0,7.82716888536334e-15
14.63,0.05859364941716194,0.0,0.0,0.0,0.0,1.112686032200827e-08,0.0,0.0,0.0,0.0,0.0,0.0,0.0,1.0,0.0,0.0,0.0,0.00040231869206763804
14.74,0.3083125948905945,0.0,0.0,0.0,0.0,4.167184819436898e-09,0.0,0.0,0.0,0.0,0.0,0.0,0.0,1.0,0.0,0.0,0.0,0.0783354863524437
14.85,0.4407818019390106,0.0,0.39788541197776794,0.0,0.0,0.0032134060747921467,0.0,0.0,0.0,0.0,0.0,0.0,0.0,1.0,0.0,0.0,0.0,0.06031081825494766
14.96,0.48741400241851807,0.0,0.6292541027069092,0.0,0.0,0.005882022902369499,0.0,0.0,0.0,0.0,0.0,0.0,0.0,1.0,0.0,0.0,0.0,0.03629659116268158
15.07,0.47304078936576843,0.0,0.5259054899215698,0.0,0.0,0.0023537680972367525,0.0,0.0,0.0,0.0,0.0,0.0,0.0,1.0,0.0,0.0,0.0,0.08928384631872177
15.18,0.5183628797531128,0.0,0.03312110900878906,0.0,0.0,0.0010967430425807834,0.0,0.0,0.0,0.0,0.0,0.0,0.0,1.0,0.0,0.0,0.0,0.07823794335126877
15.290000000000001,0.5584127902984619,0.0,0.0,0.0,0.0,0.0003923863114323467,0.0,0.0,0.0,0.0,0.0,0.0,0.0,1.0,0.0,0.0,0.0,0.12144099920988083
15.4,0.5970327258110046,0.0,0.0,0.0,0.0,0.00017238409782294184,0.0,0.0,0.0,0.0,0.0,0.0,0.0,1.0,0.0,0.0,0.0,0.12756970524787903
15.51,0.47922930121421814,0.0,0.0,0.0,0.0,0.017947619780898094,0.0,0.0001405414950568229,0.0,0.0,0.0,0.0,0.0,1.0,0.00014094870130065829,0.0,0.0,0.5025416016578674
15.62,0.25559189915657043,0.0,0.0,0.0,0.0,0.009572171606123447,0.0,0.2565617859363556,0.0,0.0,0.0,0.0,0.0,1.0,0.3177317976951599,0.0,0.0,0.160542294383049
15.73,0.1119953989982605,0.0,0.0,0.0,0.0,0.004194340202957392,0.0,0.46246370673179626,0.0,0.0,0.0,0.0,0.0,1.0,0.3103269040584564,0.0,0.0,0.03219643980264664
15.84,1.553957918076776e-05,0.0,0.0,0.0,0.0,3.267921931934055e-15,0.0,0.49331939220428467,0.0,0.0,0.0,0.0,0.0,1.0,0.3018380105495453,0.0,0.0,0.005730274133384228
15.95,2.765711997199105e-06,0.0,0.0,0.0,0.0,5.816199907320528e-16,0.0,0.2800610065460205,0.0,0.0,0.0,0.0,0.0,1.0,0.1690770983695984,0.0,0.0,0.0010198659729212523
16.06,3.691781103043468e-07,0.0,0.0,0.0,0.0,7.763690251062633e-17,0.0,0.037383630871772766,0.0,0.0,0.0,0.0,0.0,1.0,0.022569069638848305,0.0,0.0,0.00013613559713121504
16.17,6.570576260855887e-08,0.0,0.0,0.0,0.0,1.381769975375738e-17,0.0,0.006653482094407082,0.0,0.0,0.0,0.0,0.0,1.0,0.004016810096800327,0.0,0.0,2.4229209884651937e-05
16.28,0.08471973985433578,0.0,0.0,0.0,0.0,0.0031728390604257584,0.0,0.0,0.0,0.0,0.0,0.0,0.0,1.0,0.0,0.0,0.0,0.008985810913145542
16.39,0.04321702942252159,0.0,0.0,0.0,0.0,0.0016185210552066565,0.0,0.0,0.0,0.0,0.0,0.0,0.0,1.0,0.0,0.0,0.0,0.004583821166306734
16.5,0.07500001043081284,0.0,0.20257149636745453,0.0,0.0,0.5718498826026917,0.0,0.17566609382629395,0.0,0.0,0.0,0.0,0.0,1.0,0.0004021346103399992,0.0,0.0,0.001958264037966728
16.61,0.05487671121954918,0.0,0.4751870930194855,0.0,0.0,0.10177700221538544,0.0,0.6750391721725464,0.0,0.0,0.0,0.0,0.0,1.0,7.157130312407389e-05,0.0,0.0,0.0006729381857439876
16.72,0.17382940649986267,0.0,0.9812265038490295,0.0,0.0,0.0181141197681427,0.0,0.233228400349617,0.0,0.0,0.0,0.0,0.0,1.0,1.2738149962387979e-05,0.0,0.0,0.24987509846687317
16.830000000000002,0.16218790411949158,0.0,0.0,0.0,0.0,0.0032239239662885666,0.0,0.3477596938610077,0.0,0.0,0.0,0.0,0.0,1.0,2.267117906740168e-06,0.0,0.0,0.42880159616470337
16.94,0.37179410457611084,0.0,0.0,0.0,0.0,0.0005737891187891364,0.0,0.3221721053123474,0.0,0.0,0.0,0.0,0.0,1.0,0.13125039637088776,0.0,0.0,0.07631746679544449
17.05,0.18179640173912048,0.0,0.0,0.0,0.0,0.00010212210327154025,0.0,0.5839753746986389,0.0,0.0,0.0,0.0,0.0,1.0,0.09652870148420334,0.0,0.0,0.013582870364189148
17.16,0.19676010310649872,0.0,0.24289709329605103,0.0,0.0,1.8175549485022202e-05,0.0,0.6793500781059265,0.0,0.0,0.0,0.0,0.0,1.0,0.01718004047870636,0.0,0.0,0.0024174589198082685
17.27,0.2742311954498291,0.0,0.4649485945701599,0.0,0.0,4.313143108447548e-06,0.0,0.5700997114181519,0.0,0.0,0.0,0.0,0.0,1.0,0.004076903220266104,0.0,0.0,0.000573674391489476
17.38,0.4598180055618286,0.0,0.3638887107372284,0.0,0.0,7.67646781696385e-07,0.0,0.26586979627609253,0.0,0.0,0.0,0.0,0.0,1.0,0.0007256012177094817,0.0,0.0,0.00010210170148639008
17.49,0.6391258239746094,0.0,0.007742037996649742,0.0,0.0,1.3529900400044426e-07,0.0,0.36072829365730286,0.0,0.0,0.0,0.0,0.0,1.0,0.00012788840103894472,0.0,0.0,1.7995600501308218e-05
17.6,0.21176449954509735,0.0,0.0,0.0,0.0,2.431625034660101e-08,0.0,0.46199890971183777,0.0,0.0,0.0,0.0,0.0,1.0,0.2051011025905609,0.0,0.0,3.2342090889869723e-06
17.71,0.03768954053521156,0.0,0.0,0.0,0.0,4.327770142253939e-09,0.0,0.49323660135269165,0.0,0.0,0.0,0.0,0.0,1.0,0.283110111951828,0.0,0.0,5.756198220296938e-07
17.82,0.0067079272121191025,0.0,0.0,0.0,0.0,0.8217747807502747,0.0,0.08778552711009979,0.0,0.0,0.0,0.0,0.0,1.0,0.050387509167194366,0.0,0.0,1.0244789905300422e-07
17.93,0.34299078583717346,0.0,0.0,0.0,0.0,0.2846445143222809,0.0,0.15234270691871643,0.0,0.0,0.0,0.0,0.0,1.0,0.008967895060777664,0.0,0.0,1.8233530241218432e-08
18.04,0.06104499101638794,0.0,0.0,0.0,0.0,0.050660599023103714,0.0,0.027113720774650574,0.0,0.0,0.0,0.0,0.0,1.0,0.0015960929449647665,0.0,0.0,3.2451770159980242e-09
18.15,0.010864700190722942,0.0,0.0,0.0,0.0,0.009016498923301697,0.0,0.28920069336891174,0.0,0.0,0.0,0.0,0.0,1.0,0.00028407020727172494,0.0,0.0,1.3537460290535819e-05
18.26,0.001933682942762971,0.0,0.0,0.0,0.0,0.0016047429526224732,0.0,0.09893245249986649,0.0,0.0,0.0,0.0,0.0,1.0,5.055839937995188e-05,0.0,0.0,1.0279539719437736e-10
18.37,0.3421410024166107,0.0,0.0,0.0,0.0,0.00028560979990288615,0.0,0.15432660281658173,0.0,0.0,0.0,0.0,0.0,1.0,8.9983086581924e-06,0.0,0.0,5.569178028963506e-06
18.48,0.4719044864177704,0.0,0.0,0.0,0.0,5.0832401029765606e-05,0.0,0.19187110662460327,0.0,0.0,0.0,0.0,0.0,1.0,1.6015060282370541e-06,0.0,0.0,2.3086620331014274e-06
18.59,0.15320269763469696,0.0,0.0,0.0,0.0,9.047075764101464e-06,0.0,0.06183448061347008,0.0,0.0,0.0,0.0,0.0,1.0,2.850335931725567e-07,0.0,0.0,5.795306183727089e-13
18.7,0.027266789227724075,0.0,0.0,0.0,0.0,1.61018499511556e-06,0.0,0.011005209758877754,0.0,0.0,0.0,0.0,0.0,1.0,5.072985942433661e-08,0.0,0.0,1.0314400158625836e-13
18.81,0.0048529040068387985,0.0,0.0,0.0,0.0,2.8657839834522747e-07,0.0,0.2910211980342865,0.0,0.0,0.0,0.0,0.0,1.0,0.17343750596046448,0.0,0.0,7.098187779774889e-07
18.92,0.0008637126884423196,0.0,0.0,0.0,0.0,5.1004789725084265e-08,0.0,0.05179551988840103,0.0,0.0,0.0,0.0,0.0,1.0,0.030868150293827057,0.0,0.0,3.2672250355767016e-15
19.03,0.00015372229972854257,0.0,0.0,0.0,0.0,5.5916281382906163e-08,0.0,0.4202291965484619,0.0,0.0,0.0,0.0,0.0,1.0,0.25210028886795044,0.0,0.0,1.5836070588193252e-07
19.14,2.7359259547665715e-05,0.0,0.059704188257455826,0.0,0.0,1.6156459503591236e-09,0.0,0.3608025014400482,0.0,0.0,0.0,0.0,0.0,1.0,0.21647490561008453,0.0,0.0,1.0349380083542553e-16
19.25,6.492481134046102e-06,0.0,0.05867338180541992,0.0,0.0,3.834003947655873e-10,0.0,0.08562012016773224,0.0,0.0,0.0,0.0,0.0,1.0,0.05137050896883011,0.0,0.0,2.4559559832599603e-17
19.36,1.1555219998626853e-06,0.0,0.0,0.0,0.0,6.823702713987245e-11,0.0,0.01523854024708271,0.0,0.0,0.0,0.0,0.0,1.0,0.009142845869064331,0.0,0.0,4.371073819636414e-18
19.47,0.0875002071261406,0.0,0.0,0.0,0.0,1.3568220325055336e-08,0.0,0.1777120977640152,0.0,0.0,0.0,0.0,0.0,1.0,0.0016272299690172076,0.0,0.0,3.842662010811182e-08
19.580000000000002,0.0924774631857872,0.0,0.0,0.0,0.0,8.073257617979834e-09,0.0,0.40418750047683716,0.0,0.0,0.0,0.0,0.0,1.0,0.13153959810733795,0.0,0.0,2.2864309556780427e-08
19.69,0.01645899936556816,0.0,0.2610273063182831,0.0,0.0,3.1567559677370127e-09,0.0,0.4302130937576294,0.0,0.0,0.0,0.0,0.0,1.0,0.23837700486183167,0.0,0.0,8.940263640511148e-09
19.8,0.0029293489642441273,0.0,1.0,0.0,0.0,1.1573400016118285e-09,0.0,0.4875794053077698,0.0,0.0,0.0,0.0,0.0,1.0,0.2890323996543884,0.0,0.0,3.2777081049317758e-09
19.91,0.0005213611875660717,0.0,0.9816545248031616,0.0,0.0,4.70689820453174e-10,0.0,0.2790394127368927,0.0,0.0,0.0,0.0,0.0,1.0,0.16679799556732178,0.0,0.0,0.2498749941587448
20.02,9.279110236093402e-05,0.0,0.9488179087638855,0.0,0.0,2.1688310378181882e-15,0.0,0.04966301843523979,0.0,0.0,0.0,0.0,0.0,1.0,0.029686469584703445,0.0,0.0,0.18283089995384216
20.13,2.2019759853719734e-05,0.0,0.9959151744842529,0.0,0.0,5.146736829546251e-16,0.0,0.01178526971489191,0.0,0.0,0.0,0.0,0.0,1.0,0.0070447372272610664,0.0,0.0,0.04338661953806877
20.24,0.18746639788150787,0.0,0.5278195142745972,0.0,0.0,2.2789969911229946e-10,0.0,0.20209750533103943,0.0,0.0,0.0,0.0,0.0,1.0,0.0012538119917735457,0.0,0.0,0.007721887901425362
20.35,0.108364999294281,0.0,0.002718379022553563,0.0,0.0,1.108938010863092e-10,0.0,0.6685863137245178,0.0,0.0,0.0,0.0,0.0,1.0,0.00022315159731078893,0.0,0.0,0.0013743300223723054
20.46,0.7527986764907837,0.0,1.9599230654421262e-05,0.0,0.0,3.503124873516228e-11,0.0,0.2172912061214447,0.0,0.0,0.0,0.0,0.0,1.0,2.9787139283143915e-05,0.0,0.0,0.00018345090211369097
20.57,0.941185474395752,0.0,0.0,0.0,0.0,5.164190927769355e-19,0.0,0.051564209163188934,0.0,0.0,0.0,0.0,0.0,1.0,7.0686278377252165e-06,0.0,0.0,4.353376061771996e-05
20.68,0.411358505487442,0.0,0.0,0.0,0.0,9.191150814193051e-20,0.0,0.009177320636808872,0.0,0.0,0.0,0.0,0.0,1.0,1.2580640031956136e-06,0.0,0.0,7.748073585389648e-06
20.79,0.07321296632289886,0.0,0.0,0.0,0.0,1.6358270479473257e-20,0.0,0.0016333659878000617,0.0,0.0,0.0,0.0,0.0,1.0,2.239084011534942e-07,0.0,0.0,1.3789909871775308e-06
20.9,0.01303033996373415,0.0,0.0,0.0,0.0,2.9114210992646776e-21,0.0,0.00029070398886688054,0.0,0.0,0.0,0.0,0.0,1.0,3.985087104751983e-08,0.0,0.0,2.454306979871035e-07
21.01,0.019915789365768433,0.0,0.0,0.0,0.0,0.010468419641256332,0.0,0.2500225901603699,0.0,0.0,0.0,0.0,0.0,1.0,1.681208949833035e-08,0.0,0.0,1.0354109747368057e-07
21.12,0.24458150565624237,0.0,0.0,0.0,0.0,0.005426212213933468,0.0,0.5403507947921753,0.0,0.0,0.0,0.0,0.0,1.0,2.2441430935771223e-09,0.0,0.0,1.3821069622110826e-08
21.23,0.28684890270233154,0.0,0.0,0.0,0.0,0.002531861886382103,0.0,0.6621145009994507,0.0,0.0,0.0,0.0,0.0,1.0,5.325456187144084e-10,0.0,0.0,3.279803983957663e-09
21.34,0.7760382890701294,0.0,0.0,0.0,0.0,6.924549239687667e-24,0.0,0.21474149823188782,0.0,0.0,0.0,0.0,0.0,1.0,9.478168250254271e-11,0.0,0.0,5.837347272219517e-10
21.45,0.7949814200401306,0.0,0.0,0.0,0.0,9.243158168260591e-25,0.0,0.20366449654102325,0.0,0.0,0.0,0.0,0.0,1.0,1.2651830104404294e-11,0.0,0.0,7.791917111532598e-11
21.56,0.47208040952682495,0.0,0.0,0.0,0.0,0.0007220827974379063,0.0,0.2487722933292389,0.0,0.0,0.0,0.0,0.0,1.0,2.2517530375021355e-12,0.0,0.0,1.3867939782641336e-11
21.67,0.2882964015007019,0.0,0.0,0.0,0.0,0.0003106897056568414,0.0,0.4783707857131958,0.0,0.0,0.0,0.0,0.0,1.0,5.343516970048034e-13,0.0,0.0,3.29092699272171e-12
21.78,0.5047773718833923,0.0,0.0,0.0,0.0,0.00012051739759044722,0.0,0.41394829750061035,0.0,0.0,0.0,0.0,0.0,1.0,9.510311781797329e-14,0.0,0.0,5.857143112533714e-13
21.89,0.2605670094490051,0.0,0.23302820324897766,0.0,0.0,1.2366010023956592e-27,0.0,0.4602949917316437,0.0,0.0,0.0,0.0,0.0,1.0,0.17343750596046448,0.0,0.0,1.0424450067264904e-13
22.0,0.3881722092628479,0.0,0.9677137732505798,0.0,0.0,2.2008838884502213e-28,0.0,0.28785520792007446,0.0,0.0,0.0,0.0,0.0,1.0,0.07239647209644318,0.0,0.0,1.8553289397979685e-14
22.11,0.19103460013866425,0.0,0.9453449249267578,0.0,0.0,6.025868060532957e-05,0.0,0.41251128911972046,0.0,0.0,0.0,0.0,0.0,1.0,0.012885020114481449,0.0,0.0,1.6228160579657286e-13
22.22,0.03400005027651787,0.0,0.9239525198936462,0.0,0.0,6.971597069416133e-30,0.0,0.2685352861881256,0.0,0.0,0.0,0.0,0.0,1.0,0.0022932561114430428,0.0,0.0,5.877005226230362e-16
22.330000000000002,0.34784820675849915,0.0,0.7918425798416138,0.0,0.0,3.343858043081127e-05,0.0,0.18451230227947235,0.0,0.0,0.0,0.0,0.0,1.0,0.00040815031388774514,0.0,0.0,9.005289054600865e-14
22.44,0.47969019412994385,0.0,0.6017596125602722,0.0,0.0,1.2455049727577716e-05,0.0,0.19793260097503662,0.0,0.0,0.0,0.0,0.0,1.0,5.44815011380706e-05,0.0,0.0,3.354248099434777e-14
22.55,0.6456142067909241,0.0,0.0,0.0,0.0,5.453319772641407e-06,0.0,0.17629219591617584,0.0,0.0,0.0,0.0,0.0,1.0,0.056259699165821075,0.0,0.0,1.4686250262782585e-14
22.66,0.3587532043457031,0.0,0.0,0.0,0.0,5.246428917707601e-33,0.0,0.03137623146176338,0.0,0.0,0.0,0.0,0.0,1.0,0.010013019666075706,0.0,0.0,4.422702090773758e-19
22.77,0.06385035067796707,0.0,0.0,0.0,0.0,9.337517335237763e-34,0.0,0.005584294907748699,0.0,0.0,0.0,0.0,0.0,1.0,0.001782102044671774,0.0,0.0,7.871459756342561e-20
22.88,0.011363989673554897,0.0,0.0,0.0,0.0,1.6618779825546783e-34,0.0,0.000993884401395917,0.0,0.0,0.0,0.0,0.0,1.0,0.0003171759017277509,0.0,0.0,1.400951051717454e-20
22.99,3.8401090023398865e-06,0.0,0.0,0.0,0.0,2.018492068600608e-06,0.0,0.0,0.0,0.0,0.0,0.0,0.0,1.0,0.0,0.0,0.0,5.435966076144244e-15
23.1,1.4232030025596032e-06,0.0,0.009074495173990726,0.0,0.0,7.480838917217625e-07,0.0,0.0,0.0,0.0,0.0,0.0,0.0,1.0,0.0,0.0,0.0,2.0146519831765923e-15
23.21,5.453052267512248e-07,0.0,0.026507310569286346,0.0,0.0,2.866308932425454e-07,0.0,0.0,0.0,0.0,0.0,0.0,0.0,1.0,0.0,0.0,0.0,7.719209771675452e-16
23.32,0.17250339686870575,0.0,0.0034043421037495136,0.0,0.0,0.07568111270666122,0.0,0.0,0.0,0.0,0.0,0.0,0.0,1.0,0.0,0.0,0.0,2.819726094597467e-16
23.43,0.18750900030136108,0.0,0.0,0.0,0.0,0.10937149822711945,0.0,0.0,0.0,0.0,0.0,0.0,0.0,1.0,0.0,0.0,0.0,1.032032023600683e-16
23.54,0.06977725774049759,0.0,0.0,0.0,0.0,0.040700141340494156,0.0,0.35031449794769287,0.0,0.0,0.0,0.0,0.0,1.0,0.00010035640298156068,0.0,0.0,3.8404748452473345e-17
23.65,0.02953379973769188,0.0,0.0,0.0,0.0,0.017226669937372208,0.0,0.7199655771255493,0.0,0.0,0.0,0.0,0.0,1.0,1.78612899617292e-05,0.0,0.0,1.6255129703710235e-17
23.76,0.00011389669816708192,0.0,0.2590346038341522,0.0,0.0,1.665632949451727e-36,0.0,0.17559939622879028,0.0,0.0,0.0,0.0,0.0,1.0,3.178925908287056e-06,0.0,0.0,1.4041159919614596e-22
23.87,2.027115988312289e-05,0.0,0.34067800641059875,0.0,0.0,2.9644690978468254e-37,0.0,0.031252920627593994,0.0,0.0,0.0,0.0,0.0,1.0,5.657805104419822e-07,0.0,0.0,2.4990250463571342e-23
23.98,0.019926870241761208,0.0,0.0,0.0,0.0,0.011623079888522625,0.0,0.0,0.0,0.0,0.0,0.0,0.0,1.0,0.0,0.0,0.0,1.0967559617699767e-17
24.09,0.031382329761981964,0.0,0.0,0.0,0.0,0.0169373806566,0.0,0.0,0.0,0.0,0.0,0.0,0.0,1.0,0.0,0.0,0.0,5.866115922861694e-18
24.2,0.4335084855556488,0.0,0.0,0.0,0.0,2.2258619973502334e-38,0.0,0.0023466150742024183,0.0,0.0,0.0,0.0,0.0,1.0,4.248144946927823e-08,0.0,0.0,1.8763849435891513e-24
24.31,0.077155202627182,0.0,0.0,0.0,0.0,3.9615548365541173e-39,0.0,0.00041764709749259055,0.0,0.0,0.0,0.0,0.0,1.0,7.56078577524022e-09,0.0,0.0,3.3395630166055327e-25
24.42,0.013731970451772213,0.0,0.0,0.0,0.0,7.0507173011581766e-40,0.0,7.433222344843671e-05,0.0,0.0,0.0,0.0,0.0,1.0,1.3456570302494697e-09,0.0,0.0,5.943703921564406e-26
24.53,0.2509338855743408,0.0,0.0,0.0,0.0,0.1375350058078766,0.0,0.0,0.0,0.0,0.0,0.0,0.0,1.0,0.0,0.0,0.0,0.004031952936202288
24.64,0.2908954918384552,0.0,0.0,0.0,0.0,0.061197731643915176,0.0,0.11563490331172943,0.0,0.0,0.0,0.0,0.0,1.0,1.7962359377676762e-10,0.0,0.0,0.0017940630204975605
24.75,0.46278390288352966,0.0,0.0,0.0,0.0,0.02682575024664402,0.0,0.18498480319976807,0.0,0.0,0.0,0.0,0.0,1.0,3.196913914149668e-11,0.0,0.0,0.0007864193175919354
24.86,0.11202870309352875,0.0,0.0,0.0,0.0,0.011470749974250793,0.0,0.24478860199451447,0.0,0.0,0.0,0.0,0.0,1.0,5.689821010179674e-12,0.0,0.0,0.00033627450466156006
24.97,0.0265849307179451,0.0,0.0,0.0,0.0,0.005100768990814686,0.0,0.6682456731796265,0.0,0.0,0.0,0.0,0.0,1.0,1.3502210417445926e-12,0.0,0.0,0.00014953329809941351
25.080000000000002,0.004731547087430954,0.0,0.0,0.0,0.0,0.0021887430921196938,0.0,0.7765505909919739,0.0,0.0,0.0,0.0,0.0,1.0,2.4031029445016616e-13,0.0,0.0,6.416483665816486e-05
25.19,0.0006315853097476065,0.0,0.0,0.0,0.0,1.6815581571897805e-44,0.0,0.139252707362175,0.0,0.0,0.0,0.0,0.0,1.0,3.207756122899398e-14,0.0,0.0,1.4168499542382057e-30
25.3,0.00011240859748795629,0.0,0.0,0.0,0.0,2.802596928649634e-45,0.0,0.024783989414572716,0.0,0.0,0.0,0.0,0.0,1.0,5.70911599042539e-15,0.0,0.0,2.521689054194714e-31
25.41,2.6675090339267626e-05,0.0,0.0,0.0,0.0,2.802596928649634e-45,0.0,0.005881357006728649,0.0,0.0,0.0,0.0,0.0,1.0,1.3547999764965731e-15,0.0,0.0,5.984086152995142e-32
25.52,0.17914220690727234,0.0,0.0,0.0,0.0,0.046780019998550415,0.0,0.0,0.0,0.0,0.0,0.0,0.0,1.0,0.0,0.0,0.0,2.0707260773633607e-05
25.63,0.5862364172935486,0.0,0.0,0.0,0.0,0.13567720353603363,0.0,0.0,0.0,0.0,0.0,0.0,0.0,1.0,0.0,0.0,0.0,7.439053206326207e-06
25.74,0.7253931760787964,0.0,0.0,0.0,0.0,0.17737160623073578,0.0,0.0,0.0,0.0,0.0,0.0,0.0,1.0,0.0,0.0,0.0,2.6011271074821707e-06
25.85,0.6834654808044434,0.0,0.0,0.0,0.0,0.11526879668235779,0.0,0.0018608979880809784,0.0,0.0,0.0,0.0,0.0,1.0,4.2866720157006476e-16,0.0,0.0,9.158392799690773e-07
25.96,0.5967398881912231,0.0,0.0,0.0,0.0,0.04499715939164162,0.0,0.00033119990257546306,0.0,0.0,0.0,0.0,0.0,1.0,0.23125000298023224,0.0,0.0,3.575136133804335e-07
26.07,0.5033748149871826,0.0,0.0,0.0,0.0,0.015113639645278454,0.0,0.13677769899368286,0.0,0.0,0.0,0.0,0.0,1.0,0.09652861952781677,0.0,0.0,1.200816939217475e-07
26.18,0.0895899087190628,0.0,0.0,0.0,0.0,2.802596928649634e-45,0.0,0.6344997882843018,0.0,0.0,0.0,0.0,0.0,1.0,0.01718001998960972,0.0,0.0,0.059296511113643646
26.29,0.0659450814127922,0.0,0.0,0.0,0.0,2.802596928649634e-45,0.0,0.7455446124076843,0.0,0.0,0.0,0.0,0.0,1.0,0.0030576749704778194,0.0,0.0,0.010553509928286076
26.4,0.17614109814167023,0.0,0.0,0.0,0.0,2.802596928649634e-45,0.0,0.7081059217453003,0.0,0.0,0.0,0.0,0.0,1.0,0.0005442004185169935,0.0,0.0,0.0018782969564199448
26.51,0.06101242080330849,0.0,0.0,0.0,0.0,2.802596928649634e-45,0.0,0.13789290189743042,0.0,0.0,0.0,0.0,0.0,1.0,9.685599070508033e-05,0.0,0.0,0.00033429660834372044
26.62,0.029284879565238953,0.0,0.0,0.0,0.0,0.43736881017684937,0.0,0.02454197034239769,0.0,0.0,0.0,0.0,0.0,1.0,1.723828972899355e-05,0.0,0.0,5.949760088697076e-05
26.73,0.28794339299201965,0.0,0.0,0.0,0.0,0.07784224301576614,0.0,0.11877220124006271,0.0,0.0,0.0,0.0,0.0,1.0,3.0680450890940847e-06,0.0,0.0,1.0589289558993187e-05
26.84,0.05124774947762489,0.0,0.0,0.0,0.0,0.013854250311851501,0.0,0.021138910204172134,0.0,0.0,0.0,0.0,0.0,1.0,5.460460101858189e-07,0.0,0.0,1.8846669718186604e-06
26.95,0.012161330319941044,0.0,0.0,0.0,0.0,0.003287677885964513,0.0,0.005016363225877285,0.0,0.0,0.0,0.0,0.0,1.0,1.2957930550783203e-07,0.0,0.0,4.472402110877738e-07
27.06,0.007775167003273964,0.0,0.0,0.0,0.0,0.0019684568978846073,0.0,0.0,0.0,0.0,0.0,0.0,0.0,1.0,0.0,0.0,0.0,1.5639880501794323e-08
27.17,0.150587797164917,0.0,0.16052000224590302,0.0,0.0,0.057008419185876846,0.0,0.0,0.0,0.0,0.0,0.0,0.0,1.0,0.0,0.0,0.0,9.256385880007656e-09
27.28,0.1297551989555359,0.0,0.32259470224380493,0.0,0.0,0.04935074970126152,0.0,0.0,0.0,0.0,0.0,0.0,0.0,1.0,0.0,0.0,0.0,4.414880905301288e-09
27.39,0.8223708271980286,0.0,0.27549120783805847,0.0,0.0,0.021131930872797966,0.0,0.00021186680532991886,0.0,0.0,0.0,0.0,0.0,1.0,5.472798214611885e-09,0.0,0.0,1.8889249275844122e-08
27.5,0.9682214260101318,0.0,0.0,0.0,0.0,0.00713950302451849,0.0,3.770773037103936e-05,0.0,0.0,0.0,0.0,0.0,1.0,9.740405149116782e-10,0.0,0.0,3.3618809958113616e-09
27.61,0.1723226010799408,0.0,0.0,0.0,0.0,4.398436885821866e-06,0.0,6.711165951855946e-06,0.0,0.0,0.0,0.0,0.0,1.0,1.733582999374761e-10,0.0,0.0,5.983427087130622e-10
27.72,0.1282283067703247,0.0,0.0,0.0,0.0,7.828273282939335e-07,0.0,0.09755978733301163,0.0,0.0,0.0,0.0,0.0,1.0,3.0854048482797936e-11,0.0,0.0,1.0649209986057784e-10
27.830000000000002,0.030429180711507797,0.0,0.0,0.0,0.0,1.857685987260993e-07,0.0,0.023151390254497528,0.0,0.0,0.0,0.0,0.0,1.0,7.321809825100445e-12,0.0,0.0,2.5271090775547123e-11
27.94,0.6256126165390015,0.0,0.11450409889221191,0.0,0.0,0.0013734319945797324,0.0,0.004120450001209974,0.0,0.0,0.0,0.0,0.0,1.0,0.04218750074505806,0.0,0.0,1.2286620332258025e-10
28.05,0.9498519897460938,0.0,0.8272392749786377,0.0,0.0,0.00062071398133412,0.0,0.0005500136758200824,0.0,0.0,0.0,0.0,0.0,1.0,0.0056313518434762955,0.0,0.0,5.5528619896660913e-11
28.16,0.3044900894165039,0.0,0.9049686789512634,0.0,0.0,1.0473100164887228e-09,0.0,0.0001305207988480106,0.0,0.0,0.0,0.0,0.0,1.0,0.001336346031166613,0.0,0.0,1.4247099593828194e-13
28.27,0.0541926808655262,0.0,0.07701756805181503,0.0,0.0,0.00035551568726077676,0.0,2.3229909857036546e-05,0.0,0.0,0.0,0.0,0.0,1.0,0.6837632060050964,0.0,0.0,3.180417040837824e-11
28.38,0.009645133279263973,0.0,0.002942116931080818,0.0,0.0,0.00014317040040623397,0.0,4.134424216317711e-06,0.0,0.0,0.0,0.0,0.0,1.0,0.9436343908309937,0.0,0.0,1.2807919655410949e-11
28.49,0.08921662718057632,0.0,0.0,0.0,0.0,4.969917063135654e-05,0.0,0.3062506914138794,0.0,0.0,0.0,0.0,0.0,1.0,0.5524296760559082,0.0,0.0,4.446051166118181e-12
28.6,0.04356418922543526,0.0,0.0,0.0,0.0,1.0508610041176647e-12,0.0,0.15140549838542938,0.0,0.0,0.0,0.0,0.0,1.0,0.0983206182718277,0.0,0.0,1.429542004943615e-16
28.71,0.007753490004688501,0.0,0.0,0.0,0.0,1.8703079720811672e-13,0.0,0.02694692090153694,0.0,0.0,0.0,0.0,0.0,1.0,0.017498960718512535,0.0,0.0,2.5442770351124523e-17
28.82,0.0013799549778923392,0.0,0.0,0.0,0.0,3.3287459702720235e-14,0.0,0.004795973189175129,0.0,0.0,0.0,0.0,0.0,1.0,0.003114439081400633,0.0,0.0,4.528267087342929e-18
28.93,0.33342328667640686,0.0,0.0,0.0,0.0,0.0011846109991893172,0.0,0.0,0.0,0.0,0.0,0.0,0.0,1.0,0.0,0.0,0.0,0.0009346948936581612
29.04,0.579571008682251,0.0,0.0002221178001491353,0.0,0.0,0.011828520335257053,0.0,0.0,0.0,0.0,0.0,0.0,0.0,1.0,0.0,0.0,0.0,0.008175073191523552
29.15,0.6836203932762146,0.0,0.00017279019812121987,0.0,0.0,0.04153209924697876,0.0,0.0,0.0,0.0,0.0,0.0,0.0,1.0,0.0,0.0,0.0,0.00303474604152143
29.26,0.7449768781661987,0.0,0.0,0.0,0.0,0.029959339648485184,0.0,0.0,0.0,0.0,0.0,0.0,0.0,1.0,0.0,0.0,0.0,0.0051564560271799564
29.37,0.7925866842269897,0.0,0.0,0.0,0.0,0.012002440169453621,0.0,0.0,0.0,0.0,0.0,0.0,0.0,1.0,0.0,0.0,0.0,0.024613089859485626
29.48,0.07941321283578873,0.0,0.0,0.0,0.0,7.899270023899521e-15,0.0,0.0011381070362403989,0.0,0.0,0.0,0.0,0.0,1.0,0.0007390708778984845,0.0,0.0,1.0745789600342156e-18
29.59,0.014133850112557411,0.0,0.0,0.0,0.0,1.4058999918967674e-15,0.0,0.00020255859999451786,0.0,0.0,0.0,0.0,0.0,1.0,0.00013153870531823486,0.0,0.0,1.9125200291338218e-19
29.7,0.0025155209004878998,0.0,0.0,0.0,0.0,2.5021999124514313e-16,0.0,3.605107849580236e-05,0.0,0.0,0.0,0.0,0.0,1.0,2.3411070287693292e-05,0.0,0.0,3.403874070049851e-20
29.81,0.387534499168396,0.0,0.0,0.0,0.0,0.003261327976360917,0.0,0.0,0.0,0.0,0.0,0.0,0.0,1.0,0.0,0.0,0.0,0.07268459349870682
29.92,0.37580570578575134,0.0,0.0,0.0,0.0,0.001265450962819159,0.0,0.0,0.0,0.0,0.0,0.0,0.0,1.0,0.0,0.0,0.0,0.2296908050775528
30.03,0.21683970093727112,0.0,0.0,0.0,0.0,0.0005430809105746448,0.0,0.6312875151634216,0.0,0.0,0.0,0.0,0.0,1.0,2.9998589070601156e-06,0.0,0.0,0.15132670104503632
30.14,5.976191096124239e-05,0.0,0.0,0.0,0.0,5.944545052640909e-18,0.0,0.16450349986553192,0.0,0.0,0.0,0.0,0.0,1.0,5.561830107581045e-07,0.0,0.0,8.086673976373603e-22
30.25,7.977252607815899e-06,0.0,0.0,0.0,0.0,7.93501023334742e-19,0.0,0.021958570927381516,0.0,0.0,0.0,0.0,0.0,1.0,7.424146275525345e-08,0.0,0.0,1.0794410382116648e-22
30.36,1.893038984235318e-06,0.0,0.0,0.0,0.0,1.8830150136719382e-19,0.0,0.005210870876908302,0.0,0.0,0.0,0.0,0.0,1.0,1.7617850289752823e-08,0.0,0.0,2.5615640456568835e-23
30.47,0.11991789937019348,0.0,0.0,0.0,0.0,0.00030033758957870305,0.0,0.3598141074180603,0.0,0.0,0.0,0.0,0.0,1.0,0.24997499585151672,0.0,0.0,0.08368755877017975
30.580000000000002,0.04335936903953552,0.0,0.0,0.0,0.0,0.00010859470057766885,0.0,0.04693718999624252,0.0,0.0,0.0,0.0,0.0,1.0,0.8793355226516724,0.0,0.0,0.030259370803833008
30.69,0.02118491940200329,0.0,0.0,0.0,0.0,5.305820013745688e-05,0.0,0.011125629767775536,0.0,0.0,0.0,0.0,0.0,1.0,0.9528520107269287,0.0,0.0,0.014784400351345539
30.8,0.0005780874053016305,0.0,0.0,0.0,0.0,1.889401006530335e-22,0.0,0.0020285279024392366,0.0,0.0,0.0,0.0,0.0,1.0,0.41760489344596863,0.0,0.0,2.5702499613563812e-26
30.91,0.0001028870974550955,0.0,0.0,0.0,0.0,3.362727867783541e-23,0.0,0.0003610344137996435,0.0,0.0,0.0,0.0,0.0,1.0,0.07432469725608826,0.0,0.0,4.574493070625862e-27
31.02,1.831170084187761e-05,0.0,0.0,0.0,0.0,5.984933071174393e-24,0.0,6.425634637707844e-05,0.0,0.0,0.0,0.0,0.0,1.0,0.013228200376033783,0.0,0.0,8.141613654179408e-28
31.13,0.01268886961042881,0.0,0.0,0.0,0.0,3.1779629352968186e-05,0.0,0.0,0.0,0.0,0.0,0.0,0.0,1.0,0.0,0.0,0.0,0.00885523296892643
31.24,0.3062557876110077,0.0,0.0,0.0,0.0,0.08552543073892593,0.0,0.17502030730247498,0.0,0.0,0.0,0.0,0.0,1.0,0.004185485187917948,0.0,0.0,0.003874516114592552
31.35,0.09603525698184967,0.0,0.0,0.0,0.0,0.08511099964380264,0.0,0.054880328476428986,0.0,0.0,0.0,0.0,0.0,1.0,0.0007449265103787184,0.0,0.0,0.7623140215873718
31.46,0.1471703052520752,0.0,0.0,0.0,0.0,5.998455798767402e-26,0.0,0.3132830858230591,0.0,0.0,0.0,0.0,0.0,1.0,0.00013258089893497527,0.0,0.0,0.1949719935655594
31.57,0.02619316056370735,0.0,0.0,0.0,0.0,1.0675959697659144e-26,0.0,0.05575767159461975,0.0,0.0,0.0,0.0,0.0,1.0,2.359655081818346e-05,0.0,0.0,0.03470082953572273
31.68,0.004661818966269493,0.0,0.0,0.0,0.0,1.9000920534393256e-27,0.0,0.009923667646944523,0.0,0.0,0.0,0.0,0.0,1.0,4.199679096927866e-06,0.0,0.0,0.00617600092664361
31.79,0.03064378909766674,0.0,0.0,0.0,0.0,0.03685988113284111,0.0,0.0,0.0,0.0,0.0,0.0,0.0,1.0,0.0,0.0,0.0,0.0003644487005658448
31.9,0.05646735057234764,0.0,0.1344549059867859,0.0,0.0,0.07338389754295349,0.0,0.0,0.0,0.0,0.0,0.0,0.0,1.0,0.0,0.0,0.0,0.0002231013058917597
32.01,0.02850898914039135,0.0,0.2256971001625061,0.0,0.0,0.03704975172877312,0.0,0.0,0.0,0.0,0.0,0.0,0.0,1.0,0.0,0.0,0.0,0.00011263840133324265
32.12,0.010146399959921837,0.0,0.08554521203041077,0.0,0.0,0.013186070136725903,0.0,0.0,0.0,0.0,0.0,0.0,0.0,1.0,0.0,0.0,0.0,4.0088190871756524e-05
32.23,0.005102897062897682,0.0,0.0,0.0,0.0,0.006631628144532442,0.0,0.0,0.0,0.0,0.0,0.0,0.0,1.0,0.0,0.0,0.0,2.0161429347353987e-05
32.34,0.001981870038434863,0.0,0.0,0.0,0.0,0.0025756009854376316,0.0,0.0,0.0,0.0,0.0,0.0,0.0,1.0,0.0,0.0,0.0,7.830325557733886e-06
32.45,0.0006627842085435987,0.0,0.0,0.0,0.0,0.0008613418904133141,0.0,0.0,0.0,0.0,0.0,0.0,0.0,1.0,0.0,0.0,0.0,2.6186460218013963e-06
32.56,0.21185019612312317,0.0,0.0,0.0,0.0,0.07937967777252197,0.0,0.5478684902191162,0.0,0.0,0.0,0.0,0.0,1.0,4.204420918085816e-07,0.0,0.0,0.0006182974902912974
32.67,0.07630354166030884,0.0,0.0,0.0,0.0,0.32802659273147583,0.0,0.2926259934902191,0.0,0.0,0.0,0.0,0.0,1.0,0.24997510015964508,0.0,0.0,0.00011004370026057586
32.78,0.10001479834318161,0.0,0.0,0.0,0.0,0.05838168039917946,0.0,0.052081141620874405,0.0,0.0,0.0,0.0,0.0,1.0,0.7164543867111206,0.0,0.0,1.958540997293312e-05
32.89,0.18879659473896027,0.0,0.0,0.0,0.0,0.010390689596533775,0.0,0.41395679116249084,0.0,0.0,0.0,0.0,0.0,1.0,0.1828846037387848,0.0,0.0,0.10541950166225433
33.0,0.061287280172109604,0.0,0.0,0.0,0.0,0.001849318970926106,0.0,0.17057479918003082,0.0,0.0,0.0,0.0,0.0,1.0,0.032549530267715454,0.0,0.0,0.01876240037381649
33.11,0.010907820425927639,0.0,0.0,0.0,0.0,0.0003291390894446522,0.0,0.030358659103512764,0.0,0.0,0.0,0.0,0.0,1.0,0.005793116986751556,0.0,0.0,0.003339305054396391
33.22,0.001941357972100377,0.0,0.0,0.0,0.0,5.8579680626280606e-05,0.0,0.005403188988566399,0.0,0.0,0.0,0.0,0.0,1.0,0.0010310499928891659,0.0,0.0,0.0005943244905211031
33.33,0.007591741159558296,0.0,0.0,0.0,0.0,0.0028446039650589228,0.0,0.0,0.0,0.0,0.0,0.0,0.0,1.0,0.0,0.0,0.0,3.493844857871409e-08
33.44,0.00423408392816782,0.0,0.0,0.0,0.0,0.0015864999732002616,0.0,0.0,0.0,0.0,0.0,0.0,0.0,1.0,0.0,0.0,0.0,1.9485959512621776e-08
33.55,0.001599909970536828,0.0,0.0,0.0,0.0,0.00059948192210868,0.0,0.0,0.0,0.0,0.0,0.0,0.0,1.0,0.0,0.0,0.0,7.363051057751591e-09
33.660000000000004,0.0005389340803958476,0.0,0.0,0.0,0.0,0.00020193710224702954,0.0,0.0,0.0,0.0,0.0,0.0,0.0,1.0,0.0,0.0,0.0,2.480263994186771e-09
33.77,0.00021317160280887038,0.0,0.0,0.0,0.0,7.98748224042356e-05,0.0,0.0,0.0,0.0,0.0,0.0,0.0,1.0,0.0,0.0,0.0,9.810511292229762e-10
33.88,7.11172106093727e-05,0.0,0.0,0.0,0.0,2.6647419872460887e-05,0.0,0.0,0.0,0.0,0.0,0.0,0.0,1.0,0.0,0.0,0.0,3.2729319254798384e-10
33.99,3.1448078516405076e-05,0.0,0.0,0.0,0.0,1.1783509762608446e-05,0.0,0.0,0.0,0.0,0.0,0.0,0.0,1.0,0.0,0.0,0.0,1.4472929799058676e-10
34.1,0.49448150396347046,0.0,0.0,0.0,0.0,2.4713299353607e-05,0.0,0.002279470907524228,0.0,0.0,0.0,0.0,0.0,1.0,0.05668497830629349,0.0,0.0,0.0002507306926418096
34.21,0.9098641872406006,0.0,0.0,0.0,0.0,4.398436885821866e-06,0.0,0.0004056968027725816,0.0,0.0,0.0,0.0,0.0,1.0,0.010088710114359856,0.0,0.0,4.4624670408666134e-05
34.32,0.9837933778762817,0.0,0.0,0.0,0.0,9.53473374920577e-07,0.0,7.220532279461622e-05,0.0,0.0,0.0,0.0,0.0,1.0,0.0017955730436369777,0.0,0.0,7.942233423818834e-06
34.43,0.41894179582595825,0.0,0.0,0.0,0.0,1.3932650233527966e-07,0.0,1.2850990060542244e-05,0.0,0.0,0.0,0.0,0.0,1.0,0.0003195735043846071,0.0,0.0,1.4135470109977177e-06
34.54,0.07456264644861221,0.0,0.0,0.0,0.0,3.9268928730962216e-07,0.0,0.6101586222648621,0.0,0.0,0.0,0.0,0.0,1.0,5.6877219321904704e-05,0.0,0.0,2.5158101379929576e-07
34.65,0.013270550407469273,0.0,0.0,0.0,0.0,4.413354126597824e-09,0.0,0.5662122964859009,0.0,0.0,0.0,0.0,0.0,1.0,1.0122919775312766e-05,0.0,0.0,4.4776008678582e-08
34.76,0.3449459969997406,0.0,0.0,0.0,0.0,6.599766777526384e-08,0.0,0.2710835933685303,0.0,0.0,0.0,0.0,0.0,1.0,2.402216978225624e-06,0.0,0.0,1.0625559987431643e-08
34.87,0.17701800167560577,0.0,0.0166624803096056,0.0,0.0,2.7100300670213073e-08,0.0,0.45293450355529785,0.0,0.0,0.0,0.0,0.0,1.0,4.275430001143832e-07,0.0,0.0,0.24377450346946716
34.98,0.031505391001701355,0.0,0.0,0.0,0.0,1.1976750258213542e-08,0.0,0.08061260730028152,0.0,0.0,0.0,0.0,0.0,1.0,0.8219392895698547,0.0,0.0,0.04338661953806877
35.09,0.005607284139841795,0.0,0.1596129983663559,0.0,0.0,5.904427988201455e-12,0.0,0.014347310177981853,0.0,0.0,0.0,0.0,0.0,1.0,0.9682267904281616,0.0,0.0,0.007721887901425362
35.2,0.0009979759342968464,0.0,0.16094160079956055,0.0,0.0,1.0508610041176647e-12,0.0,0.0025535139720886946,0.0,0.0,0.0,0.0,0.0,1.0,0.9942628145217896,0.0,0.0,0.0013743300223723054
35.31,0.00017761830531526357,0.0,0.0032896939665079117,0.0,0.0,1.8703079720811672e-13,0.0,0.00045447060256265104,0.0,0.0,0.0,0.0,0.0,1.0,0.23627759516239166,0.0,0.0,0.0002446011931169778
35.42,3.161223867209628e-05,0.0,0.00610763393342495,0.0,0.0,3.3287459702720235e-14,0.0,8.088601316558197e-05,0.0,0.0,0.0,0.0,0.0,1.0,0.042052339762449265,0.0,0.0,4.353376061771996e-05
35.53,0.049224380403757095,0.0,0.0,0.0,0.0,8.297459608286317e-09,0.0,0.17227999866008759,0.0,0.0,0.0,0.0,0.0,1.0,0.4449406862258911,0.0,0.0,7.748073585389648e-06
35.64,0.16501089930534363,0.0,0.012819710187613964,0.0,0.0,3.088594935363176e-09,0.0,0.16191209852695465,0.0,0.0,0.0,0.0,0.0,1.0,0.5011729001998901,0.0,0.0,1.3789909871775308e-06
35.75,0.3831770122051239,0.0,0.9980660080909729,0.0,0.0,1.0392400273673275e-09,0.0,0.07881688326597214,0.0,0.0,0.0,0.0,0.0,1.0,0.17500120401382446,0.0,0.0,2.454306979871035e-07
35.86,0.09786035120487213,0.0,0.915421187877655,0.0,0.0,3.340034875991938e-17,0.0,0.0258929505944252,0.0,0.0,0.0,0.0,0.0,1.0,0.03114645928144455,0.0,0.0,0.7623140215873718
35.97,0.01741703972220421,0.0,0.04515305906534195,0.0,0.0,5.944545052640909e-18,0.0,0.0046083880588412285,0.0,0.0,0.0,0.0,0.0,1.0,0.005543400067836046,0.0,0.0,0.707410991191864
36.08,0.003099858993664384,0.0,0.0,0.0,0.0,1.0580010197877341e-18,0.0,0.0008201940800063312,0.0,0.0,0.0,0.0,0.0,1.0,0.000986606115475297,0.0,0.0,0.185200497508049
36.19,0.0004137812939006835,0.0,0.0,0.0,0.0,1.4122609694482695e-19,0.0,0.00010948270210064948,0.0,0.0,0.0,0.0,0.0,1.0,0.00013169599696993828,0.0,0.0,0.024721279740333557
36.3,9.819224942475557e-05,0.0,0.0,0.0,0.0,3.3513619952020854e-20,0.0,2.598074934212491e-05,0.0,0.0,0.0,0.0,0.0,1.0,3.1252089684130624e-05,0.0,0.0,0.005866474937647581
36.410000000000004,4.721459889722723e-10,0.0,0.0,0.0,0.0,1.7691180465018164e-10,0.0,0.0,0.0,0.0,0.0,0.0,0.0,1.0,0.0,0.0,0.0,2.1728940431079303e-15
36.52,0.3046169877052307,0.0,0.0,0.0,0.0,0.18579509854316711,0.0,0.0,0.0,0.0,0.0,0.0,0.0,1.0,0.0,0.0,0.0,9.575331597839521e-16
36.63,0.6834880709648132,0.0,0.0,0.0,0.0,0.1796334981918335,0.0,8.22047240944812e-06,0.0,0.0,0.0,0.0,0.0,1.0,9.888355634757318e-06,0.0,0.0,0.0018561900360509753
36.74,0.48732519149780273,0.0,0.0,0.0,0.0,2.5163599618267784e-21,0.0,1.9507569959387183e-06,0.0,0.0,0.0,0.0,0.0,1.0,2.3465529466193402e-06,0.0,0.0,0.00044048248673789203
36.85,0.08673340827226639,0.0,0.0,0.0,0.0,4.478580201025311e-22,0.0,3.471928096132615e-07,0.0,0.0,0.0,0.0,0.0,1.0,4.176359880148084e-07,0.0,0.0,7.839644240448251e-05
36.96,0.015436680056154728,0.0,0.0,0.0,0.0,7.970911857084912e-23,0.0,6.179286060614686e-08,0.0,0.0,0.0,0.0,0.0,1.0,7.433023796465932e-08,0.0,0.0,1.395288018102292e-05
37.07,0.09951263666152954,0.0,0.0,0.0,0.0,0.06502489745616913,0.0,0.0,0.0,0.0,0.0,0.0,0.0,1.0,0.0,0.0,0.0,1.3323100341371098e-16
37.18,0.04824794828891754,0.0,0.0,0.0,0.0,0.031526830047369,0.0,0.0,0.0,0.0,0.0,0.0,0.0,1.0,0.0,0.0,0.0,6.459602295936853e-17
37.29,0.30883368849754333,0.0,0.0,0.0,0.0,0.08964301645755768,0.0,0.0,0.0,0.0,0.0,0.0,0.0,1.0,0.0,0.0,0.0,3.48669399859759e-17
37.4,0.587407112121582,0.0,0.0,0.0,0.0,0.05195178836584091,0.0,0.0,0.0,0.0,0.0,0.0,0.0,1.0,0.0,0.0,0.0,0.02251449041068554
37.51,0.6902732253074646,0.0,0.0,0.0,0.0,0.03815846890211105,0.0,0.08750001341104507,0.0,0.0,0.0,0.0,0.0,1.0,1.7638910776440753e-08,0.0,0.0,0.038802869617938995
37.62,0.34896719455718994,0.0,0.0,0.0,0.0,0.012865420430898666,0.0,0.3166961967945099,0.0,0.0,0.0,0.0,0.0,1.0,3.139347892755495e-09,0.0,0.0,0.03224749118089676
37.73,0.36044490337371826,0.0,0.0,0.0,0.0,0.005203159060329199,0.0,0.22736120223999023,0.0,0.0,0.0,0.0,0.0,1.0,5.587363904879794e-10,0.0,0.0,0.013041839934885502
37.84,0.47516220808029175,0.0,0.0,0.0,0.0,0.0018102789763361216,0.0,0.20486970245838165,0.0,0.0,0.0,0.0,0.0,1.0,9.94430926493095e-11,0.0,0.0,0.004537506029009819
37.95,0.11423180252313614,0.0,0.0,0.0,0.0,0.000905139371752739,0.0,0.048327650874853134,0.0,0.0,0.0,0.0,0.0,1.0,1.769872963464092e-11,0.0,0.0,0.7623140215873718
38.06,0.020330799743533134,0.0,0.0,0.0,0.0,3.377942070313227e-27,0.0,0.00860128365457058,0.0,0.0,0.0,0.0,0.0,1.0,3.149995021767271e-12,0.0,0.0,0.95728600025177
38.17,0.0036184450145810843,0.0,0.0,0.0,0.0,6.012010840383389e-28,0.0,0.0015308440197259188,0.0,0.0,0.0,0.0,0.0,1.0,5.606314024131365e-13,0.0,0.0,0.9919868111610413
38.28,0.0006440054858103395,0.0,0.0,0.0,0.0,1.0700090010970112e-28,0.0,0.0002724573132582009,0.0,0.0,0.0,0.0,0.0,1.0,9.97803524375486e-14,0.0,0.0,0.9981628060340881
38.39,0.00011461909889476374,0.0,0.0,0.0,0.0,1.904386010546834e-29,0.0,4.849155084230006e-05,0.0,0.0,0.0,0.0,0.0,1.0,1.775876063499389e-14,0.0,0.0,0.5619807839393616
38.5,2.039974060608074e-05,0.0,0.0,0.0,0.0,3.3893970893530635e-30,0.0,8.630454431113321e-06,0.0,0.0,0.0,0.0,0.0,1.0,3.16067697289982e-15,0.0,0.0,0.10002049803733826
38.61,3.6307160371507052e-06,0.0,0.008469980210065842,0.0,0.0,6.032398147967892e-31,0.0,1.5360350289483904e-06,0.0,0.0,0.0,0.0,0.0,1.0,5.625326856008284e-16,0.0,0.0,0.017801500856876373
38.72,0.008103057742118835,0.0,0.005971657112240791,0.0,0.0,0.0002987365878652781,0.0,2.733812891619891e-07,0.0,0.0,0.0,0.0,0.0,1.0,0.7626190185546875,0.0,0.0,0.0031682848930358887
38.83,0.0035170370247215033,0.0,0.21843479573726654,0.0,0.0,0.00012966309441253543,0.0,4.865599123604625e-08,0.0,0.0,0.0,0.0,0.0,1.0,0.9576690196990967,0.0,0.0,0.0005638864822685719
38.94,2.7291900295267624e-08,0.0,0.3911744952201843,0.0,0.0,4.5345208861748225e-33,0.0,1.1546290146213778e-08,0.0,0.0,0.0,0.0,0.0,1.0,0.4118112027645111,0.0,0.0,0.00013381289318203926
39.05,4.8573718380851005e-09,0.0,0.00837010145187378,0.0,0.0,8.070474015005497e-34,0.0,2.05499195438108e-09,0.0,0.0,0.0,0.0,0.0,1.0,0.07329355925321579,0.0,0.0,2.3815820895833895e-05
39.160000000000004,8.645079097036046e-10,0.0,0.0,0.0,0.0,1.4363709855808124e-34,0.0,3.657444902493978e-10,0.0,0.0,0.0,0.0,0.0,1.0,0.013044679537415504,0.0,0.0,4.238705059833592e-06
39.27,0.0012281329836696386,0.0,0.0,0.0,0.0,4.527776036411524e-05,0.0,0.0,0.0,0.0,0.0,0.0,0.0,1.0,0.0,0.0,0.0,0.00011348979751346633
39.38,0.0005198526196181774,0.0,0.0,0.0,0.0,1.9165479898219928e-05,0.0,0.0,0.0,0.0,0.0,0.0,0.0,1.0,0.0,0.0,0.0,4.803873162018135e-05
39.49,0.00028227039729245007,0.0,0.0,0.0,0.0,1.0406500223325565e-05,0.0,0.0,0.0,0.0,0.0,0.0,0.0,1.0,0.0,0.0,0.0,2.6084149794769473e-05
39.6,0.0001230072957696393,0.0,0.0,0.0,0.0,4.534927029453684e-06,0.0,0.0,0.0,0.0,0.0,0.0,0.0,1.0,0.0,0.0,0.0,1.1366900253051426e-05
39.71,5.172513920115307e-05,0.0,0.0,0.0,0.0,1.9069580048380885e-06,0.0,0.0,0.0,0.0,0.0,0.0,0.0,1.0,0.0,0.0,0.0,4.779836217494449e-06
39.82,2.2299329430097714e-05,0.0,0.0,0.0,0.0,8.221127814067586e-07,0.0,0.0,0.0,0.0,0.0,0.0,0.0,1.0,0.0,0.0,0.0,2.0606451016647043e-06
39.93,9.889965440379456e-06,0.0,0.0,0.0,0.0,3.646148059033294e-07,0.0,0.0,0.0,0.0,0.0,0.0,0.0,1.0,0.0,0.0,0.0,9.13915528144571e-07
40.04,4.407052983879112e-06,0.0,0.0,0.0,0.0,1.624755014972834e-07,0.0,0.0,0.0,0.0,0.0,0.0,0.0,1.0,0.0,0.0,0.0,4.072485921824409e-07
40.15,1.941125901794294e-06,0.0,0.0,0.0,0.0,7.156378245554151e-08,0.0,0.0,0.0,0.0,0.0,0.0,0.0,1.0,0.0,0.0,0.0,1.7937630047981656e-07
40.26,0.2890625,0.0,0.0,0.0,0.0,3.060548081634806e-08,0.0,0.11562500149011612,0.0,0.0,0.0,0.0,0.0,1.0,0.004127418156713247,0.0,0.0,1.3411530517259962e-06
40.37,0.08111000061035156,0.0,0.0,0.0,0.0,0.7624664902687073,0.0,0.032444000244140625,0.0,0.0,0.0,0.0,0.0,1.0,0.0007345916237682104,0.0,0.0,2.386964013112447e-07
40.48,0.014435839839279652,0.0,0.0,0.0,0.0,0.5201088190078735,0.0,0.005774335004389286,0.0,0.0,0.0,0.0,0.0,1.0,0.000130741493194364,0.0,0.0,4.248282081675825e-08
40.59,0.002569268923252821,0.0,0.0,0.0,0.0,0.09256818145513535,0.0,0.0010277079418301582,0.0,0.0,0.0,0.0,0.0,1.0,2.3269180019269697e-05,0.0,0.0,7.561030912484057e-09
40.7,0.3422541916370392,0.0,0.0,0.0,0.0,0.016475150361657143,0.0,0.13690170645713806,0.0,0.0,0.0,0.0,0.0,1.0,4.141415047342889e-06,0.0,0.0,8.179319443968325e-09
40.81,0.09057697653770447,0.0,0.0,0.0,0.0,0.7653986811637878,0.0,0.03623079136013985,0.0,0.0,0.0,0.0,0.0,1.0,7.370829280262114e-07,0.0,0.0,3.6669709491121694e-09
40.92,0.3203485906124115,0.0,0.0,0.0,0.0,0.3520933985710144,0.0,0.12813949584960938,0.0,0.0,0.0,0.0,0.0,1.0,9.838870340672656e-08,0.0,0.0,1.368415047942051e-09
41.03,0.6540296077728271,0.0,0.0,0.0,0.0,0.2680683135986328,0.0,0.0304080992937088,0.0,0.0,0.0,0.0,0.0,1.0,2.3348100341991085e-08,0.0,0.0,7.586671742221274e-12
41.14,0.6883103251457214,0.0,0.0,0.0,0.0,0.04771041125059128,0.0,0.005411987192928791,0.0,0.0,0.0,0.0,0.0,1.0,4.155459976118436e-09,0.0,0.0,1.3502649519325782e-12
41.25,0.12250439822673798,0.0,0.16042989492416382,0.0,0.0,0.008491428568959236,0.0,0.0009632175788283348,0.0,0.0,0.0,0.0,0.0,1.0,7.395826173706155e-10,0.0,0.0,2.4031810070580806e-13
41.36,0.02180315926671028,0.0,0.17191709578037262,0.0,0.0,0.0015112919500097632,0.0,0.00017143199511338025,0.0,0.0,0.0,0.0,0.0,1.0,1.3162980427861015e-10,0.0,0.0,4.277146060829677e-14
41.47,0.012224460020661354,0.0,0.0085232462733984,0.0,0.0,0.0060975030064582825,0.0,0.0,0.0,0.0,0.0,0.0,0.0,1.0,0.0,0.0,0.0,6.707647770554104e-10
41.58,0.35023990273475647,0.0,0.0,0.0,0.0,0.1078919991850853,0.0,0.0,0.0,0.0,0.0,0.0,0.0,1.0,0.0,0.0,0.0,3.289163108544102e-10
41.69,0.5140612125396729,0.0,0.0,0.0,0.0,0.1554529070854187,0.0,0.0,0.0,0.0,0.0,0.0,0.0,1.0,0.0,0.0,0.0,1.246756031747509e-10
41.8,0.7641798257827759,0.0,0.0,0.0,0.0,0.089270681142807,0.0,1.2871920262114145e-05,0.0,0.0,0.0,0.0,0.0,1.0,9.883382307007693e-12,0.0,0.0,4.548906043511103e-11
41.910000000000004,0.807914674282074,0.0,0.0,0.0,0.0,0.034073591232299805,0.0,2.2909250674274517e-06,0.0,0.0,0.0,0.0,0.0,1.0,0.10000000149011612,0.0,0.0,1.73626495125756e-11
42.02,0.2700609862804413,0.0,0.0,0.0,0.0,0.015294290147721767,0.0,0.35888710618019104,0.0,0.0,0.0,0.0,0.0,1.0,0.29150331020355225,0.0,0.0,7.793408279832548e-12
42.13,0.5606579184532166,0.0,0.0,0.0,0.0,6.397385163836589e-07,0.0,0.06387419253587723,0.0,0.0,0.0,0.0,0.0,1.0,0.11120159924030304,0.0,0.0,1.81054103112607e-17
42.24,0.09978503733873367,0.0,0.0,0.0,0.0,1.1385969855837175e-07,0.0,0.011368229985237122,0.0,0.0,0.0,0.0,0.0,1.0,0.019791489467024803,0.0,0.0,3.2223730660677e-18
42.35,0.6896666884422302,0.0,0.202024906873703,0.0,0.0,0.0066801500506699085,0.0,0.002023301087319851,0.0,0.0,0.0,0.0,0.0,1.0,0.10352250188589096,0.0,0.0,3.4039600565333172e-12
42.46,0.6647481918334961,0.0,0.990707516670227,0.0,0.0,0.0026427549310028553,0.0,0.17262570559978485,0.0,0.0,0.0,0.0,0.0,1.0,0.0737958699464798,0.0,0.0,1.3466509808310323e-12
42.57,0.5355960726737976,0.0,0.6836451888084412,0.0,0.0,6.419079157105045e-10,0.0,0.4354112148284912,0.0,0.0,0.0,0.0,0.0,1.0,0.013134079985320568,0.0,0.0,1.8166810415940954e-20
42.68,0.3140746057033539,0.0,0.33307018876075745,0.0,0.0,0.0003932142863050103,0.0,0.32759150862693787,0.0,0.0,0.0,0.0,0.0,1.0,0.09989617764949799,0.0,0.0,2.0036759523691522e-13
42.79,0.3746897876262665,0.0,0.0,0.0,0.0,0.00017363129882141948,0.0,0.4824264943599701,0.0,0.0,0.0,0.0,0.0,1.0,0.023705830797553062,0.0,0.0,8.84761624316173e-14
42.9,0.40989959239959717,0.0,0.0,0.0,0.0,6.555212894454598e-05,0.0,0.40492889285087585,0.0,0.0,0.0,0.0,0.0,1.0,0.004219129215925932,0.0,0.0,3.340296111540783e-14
43.01,0.27803149819374084,0.0,0.0,0.0,0.0,3.371548154973425e-05,0.0,0.5505843162536621,0.0,0.0,0.0,0.0,0.0,1.0,0.0007509142742492259,0.0,0.0,1.7180169369383422e-14
43.12,0.06728147715330124,0.0,0.0,0.0,0.0,1.2461159712984227e-05,0.0,0.13952049612998962,0.0,0.0,0.0,0.0,0.0,1.0,0.00013364659389480948,0.0,0.0,0.7623140215873718
43.23,0.49049028754234314,0.0,0.4560922086238861,0.0,0.0,7.086508048814721e-06,0.0,0.29826921224594116,0.0,0.0,0.0,0.0,0.0,1.0,2.378622957621701e-05,0.0,0.0,0.1949719935655594
43.34,0.0872967317700386,0.0,0.8687810897827148,0.0,0.0,4.025473117508227e-06,0.0,0.25308549404144287,0.0,0.0,0.0,0.0,0.0,1.0,4.233438176015625e-06,0.0,0.0,0.03470082953572273
43.45,0.015536939725279808,0.0,0.7577583193778992,0.0,0.0,1.5461580460396362e-06,0.0,0.7026609778404236,0.0,0.0,0.0,0.0,0.0,1.0,7.534609949289006e-07,0.0,0.0,0.00617600092664361
43.56,0.0027652420103549957,0.0,1.0,0.0,0.0,0.10543709993362427,0.0,0.5248631834983826,0.0,0.0,0.0,0.0,0.0,1.0,0.17343759536743164,0.0,0.0,0.0010991949820891023
43.67,0.0004921536892652512,0.0,0.9681757092475891,0.0,0.0,0.018765540793538094,0.0,0.5044251084327698,0.0,0.0,0.0,0.0,0.0,1.0,0.27747461199760437,0.0,0.0,0.0001956331980181858
43.78,8.759280171943828e-05,0.0,0.006264748051762581,0.0,0.0,0.0033398629166185856,0.0,0.500787615776062,0.0,0.0,0.0,0.0,0.0,1.0,0.2959910035133362,0.0,0.0,3.481849853415042e-05
43.89,2.0786179447895847e-05,0.0,0.0,0.0,0.0,0.0007925652898848057,0.0,0.37518689036369324,0.0,0.0,0.0,0.0,0.0,1.0,0.22404859960079193,0.0,0.0,8.26259383757133e-06
44.0,3.699494072861853e-06,0.0,0.0,0.0,0.0,0.00014105960144661367,0.0,0.06677520275115967,0.0,0.0,0.0,0.0,0.0,1.0,0.03987585008144379,0.0,0.0,1.4705640296597267e-06
44.11,4.938228812534362e-07,0.0,0.0,0.0,0.0,1.882919059426058e-05,0.0,0.008913412690162659,0.0,0.0,0.0,0.0,0.0,1.0,0.005322784185409546,0.0,0.0,1.9629659675501898e-07
44.22,6.960539167266688e-07,0.0,0.0,0.0,0.0,2.1934259564204694e-07,0.0,0.0,0.0,0.0,0.0,0.0,0.0,1.0,0.0,0.0,0.0,1.1176889583107132e-16
44.33,0.03798970952630043,0.0,0.0,0.0,0.0,0.019553370773792267,0.0,0.0,0.0,0.0,0.0,0.0,0.0,1.0,0.0,0.0,0.0,4.92360102119203e-17
44.44,0.20075860619544983,0.0,0.0,0.0,0.0,0.09920214116573334,0.0,0.0,0.0,0.0,0.0,0.0,0.0,1.0,0.0,0.0,0.0,2.1622729513985208e-17
44.55,0.4363549053668976,0.0,0.0,0.0,0.0,0.1452638953924179,0.0,0.0,0.0,0.0,0.0,0.0,0.0,1.0,0.0,0.0,0.0,7.40022163051479e-18
44.660000000000004,0.14059700071811676,0.0,0.0,0.0,0.0,3.3511910260131117e-06,0.0,0.0015863960143178701,0.0,0.0,0.0,0.0,0.0,1.0,0.0009473409736528993,0.0,0.0,3.493657985131904e-08
44.77,0.025023240596055984,0.0,0.0,0.0,0.0,5.964399178992608e-07,0.0,0.00028234440833330154,0.0,0.0,0.0,0.0,0.0,1.0,0.00016860630421433598,0.0,0.0,6.217960812904266e-09
44.88,0.004453598987311125,0.0,0.0,0.0,0.0,1.0615350021225822e-07,0.0,5.02512302773539e-05,0.0,0.0,0.0,0.0,0.0,1.0,3.0008310204721056e-05,0.0,0.0,1.1066629834743935e-09
44.99,0.30698660016059875,0.0,0.0,0.0,0.0,0.05995526909828186,0.0,0.0,0.0,0.0,0.0,0.0,0.0,1.0,0.0,0.0,0.0,0.004797670990228653
45.1,0.2477377951145172,0.0,0.009936499409377575,0.0,0.0,0.02228350006043911,0.0,0.0,0.0,0.0,0.0,0.0,0.0,1.0,0.0,0.0,0.0,0.0365920215845108
45.21,0.08483076840639114,0.0,0.13098269701004028,0.0,0.0,0.00763035099953413,0.0,0.0,0.0,0.0,0.0,0.0,0.0,1.0,0.0,0.0,0.0,0.012529900297522545
45.32,0.034636110067367554,0.0,0.26814889907836914,0.0,0.0,0.003115446073934436,0.0,0.0,0.0,0.0,0.0,0.0,0.0,1.0,0.0,0.0,0.0,0.005115914158523083
45.43,0.29240408539772034,0.0,0.0,0.0,0.0,0.0010429490357637405,0.0,0.0,0.0,0.0,0.0,0.0,0.0,1.0,0.0,0.0,0.0,0.0986507385969162
45.54,0.47617921233177185,0.0,0.0,0.0,0.0,0.00032616048702038825,0.0,0.0,0.0,0.0,0.0,0.0,0.0,1.0,0.0,0.0,0.0,0.10549770295619965
45.65,0.24180370569229126,0.0,0.0,0.0,0.0,0.00013339429278858006,0.0,0.0,0.0,0.0,0.0,0.0,0.0,1.0,0.0,0.0,0.0,0.05322786048054695
45.76,0.22454120218753815,0.0,0.018798260018229485,0.0,0.0,0.0015964099438861012,0.0,0.0,0.0,0.0,0.0,0.0,0.0,1.0,0.0,0.0,0.0,0.02538863942027092
45.87,0.3857788145542145,0.0,0.20591780543327332,0.0,0.0,0.036841198801994324,0.0,0.0,0.0,0.0,0.0,0.0,0.0,1.0,0.0,0.0,0.0,0.01022449042648077
45.98,0.18576329946517944,0.0,0.3989953100681305,0.0,0.0,0.021992700174450874,0.0,0.0,0.0,0.0,0.0,0.0,0.0,1.0,0.0,0.0,0.0,0.0038457829505205154
46.09,0.06828545033931732,0.0,0.10071659833192825,0.0,0.0,0.008084382861852646,0.0,0.0,0.0,0.0,0.0,0.0,0.0,1.0,0.0,0.0,0.0,0.0014136859681457281
46.2,0.029764380306005478,0.0,0.0,0.0,0.0,0.0035238349810242653,0.0,0.0,0.0,0.0,0.0,0.0,0.0,1.0,0.0,0.0,0.0,0.0006161999772302806
46.31,0.011441240087151527,0.0,0.0,0.0,0.0,0.0013545399997383356,0.0,0.0,0.0,0.0,0.0,0.0,0.0,1.0,0.0,0.0,0.0,0.0002368634013691917
46.42,0.003923411015421152,0.0,0.0,0.0,0.0,0.0004644966102205217,0.0,0.0,0.0,0.0,0.0,0.0,0.0,1.0,0.0,0.0,0.0,8.12248035799712e-05
46.53,0.001571219996549189,0.0,0.0,0.0,0.0,0.00018601829651743174,0.0,0.0,0.0,0.0,0.0,0.0,0.0,1.0,0.0,0.0,0.0,3.252832902944647e-05
46.64,0.000530029006768018,0.0,0.0,0.0,0.0,6.275066698435694e-05,0.0,0.0,0.0,0.0,0.0,0.0,0.0,1.0,0.0,0.0,0.0,1.0972979907819536e-05
46.75,0.0755944773554802,0.0,0.0,0.0,0.0,2.6558000172371976e-05,0.0,0.175006702542305,0.0,0.0,0.0,0.0,0.0,1.0,4.005626124126138e-06,0.0,0.0,0.43337690830230713
46.86,0.2600606083869934,0.0,0.0,0.0,0.0,8.981310202216264e-06,0.0,0.6065624952316284,0.0,0.0,0.0,0.0,0.0,1.0,7.129153232199315e-07,0.0,0.0,0.07713177800178528
46.97,0.4220539927482605,0.0,0.0,0.0,0.0,3.3830619940999895e-06,0.0,0.5541709065437317,0.0,0.0,0.0,0.0,0.0,1.0,1.2688360584434122e-07,0.0,0.0,0.013727799989283085
47.08,0.34611260890960693,0.0,0.0,0.0,0.0,7.988509853618098e-11,0.0,0.5033180117607117,0.0,0.0,0.0,0.0,0.0,1.0,0.09755861759185791,0.0,0.0,0.002443253993988037
47.19,0.1532265990972519,0.0,0.0,0.0,0.0,1.4217830038298906e-11,0.0,0.8197687268257141,0.0,0.0,0.0,0.0,0.0,1.0,0.01736333966255188,0.0,0.0,0.00043484658817760646
47.3,0.02727103978395462,0.0,0.0,0.0,0.0,0.8217747807502747,0.0,0.14590120315551758,0.0,0.0,0.0,0.0,0.0,1.0,0.0030903019942343235,0.0,0.0,7.739335705991834e-05
47.410000000000004,0.23244880139827728,0.0,0.0,0.0,0.0,0.21348339319229126,0.0,0.5533620715141296,0.0,0.0,0.0,0.0,0.0,1.0,0.00041250549838878214,0.0,0.0,1.0330760233046021e-05
47.52,0.11053229868412018,0.0,0.0,0.0,0.0,0.050660599023103714,0.0,0.26051458716392517,0.0,0.0,0.0,0.0,0.0,1.0,9.788948227651417e-05,0.0,0.0,2.4515391032764455e-06
47.63,0.01967238076031208,0.0,0.0,0.0,0.0,0.009016498923301697,0.0,0.04636600986123085,0.0,0.0,0.0,0.0,0.0,1.0,1.7422220480511896e-05,0.0,0.0,4.3632130086734833e-07
47.74,0.0035012599546462297,0.0,0.16521969437599182,0.0,0.0,0.0016047429526224732,0.0,0.008252154104411602,0.0,0.0,0.0,0.0,0.0,1.0,3.1007818961370504e-06,0.0,0.0,7.765581955254675e-08
47.85,1.378760043735383e-05,0.0,0.31664618849754333,0.0,0.0,1.6323280078722746e-06,0.0,0.0,0.0,0.0,0.0,0.0,0.0,1.0,0.0,0.0,0.0,2.854391141227097e-07
47.96,4.864171842200449e-06,0.0,0.38194209337234497,0.0,0.0,5.758740826422581e-07,0.0,0.0,0.0,0.0,0.0,0.0,0.0,1.0,0.0,0.0,0.0,1.0070100131542858e-07
48.07,2.087778966597398e-06,0.0,0.19240349531173706,0.0,0.0,2.471741993304022e-07,0.0,0.0,0.0,0.0,0.0,0.0,0.0,1.0,0.0,0.0,0.0,4.322244961940669e-08
48.18,7.458210120603326e-07,0.0,0.00025378441205248237,0.0,0.0,8.829849207359075e-08,0.0,0.0,0.0,0.0,0.0,0.0,0.0,1.0,0.0,0.0,0.0,1.5440429379509624e-08
48.29,0.10829930007457733,0.0,0.0,0.0,0.0,0.07058534026145935,0.0,0.0,0.0,0.0,0.0,0.0,0.0,1.0,0.0,0.0,0.0,6.623268156147333e-09
48.4,0.3323996961116791,0.0,0.0802711620926857,0.0,0.0,0.25626128911972046,0.0,0.004641836974769831,0.0,0.0,0.0,0.0,0.0,1.0,1.7441899444747833e-06,0.0,0.0,4.3681399830575174e-08
48.51,0.28868401050567627,0.0,0.0,0.0,0.0,0.00016065550153143704,0.0,0.0008261472103185952,0.0,0.0,0.0,0.0,0.0,1.0,3.104283052834944e-07,0.0,0.0,7.774350940792374e-09
48.62,0.05137953907251358,0.0,0.125164195895195,0.0,0.0,2.859322921722196e-05,0.0,0.00014703639317303896,0.0,0.0,0.0,0.0,0.0,1.0,5.524956137037407e-08,0.0,0.0,1.383666958787444e-09
48.73,0.009144453331828117,0.0,0.0,0.0,0.0,5.088979833089979e-06,0.0,2.61693203356117e-05,0.0,0.0,0.0,0.0,0.0,1.0,9.833234670963975e-09,0.0,0.0,2.462630932509313e-10
48.84,0.21783959865570068,0.0,0.0,0.0,0.0,0.22430939972400665,0.0,0.0,0.0,0.0,0.0,0.0,0.0,1.0,0.0,0.0,0.0,6.205334024400599e-10
48.95,0.35928040742874146,0.0,0.0,0.0,0.0,0.3842392861843109,0.0,0.0,0.0,0.0,0.0,0.0,0.0,1.0,0.0,0.0,0.0,2.4071961091109983e-10
49.06,0.39161890745162964,0.0,0.05249926075339317,0.0,0.0,0.40886521339416504,0.0,0.0,0.0,0.0,0.0,0.0,0.0,1.0,0.0,0.0,0.0,8.593287886826673e-11
49.17,0.3959552049636841,0.0,0.004654853139072657,0.0,0.0,0.391973614692688,0.0,0.0,0.0,0.0,0.0,0.0,0.0,1.0,0.0,0.0,0.0,4.293236946506518e-11
49.28,0.301529198884964,0.0,0.0,0.0,0.0,0.2931947112083435,0.0,0.0,0.0,0.0,0.0,0.0,0.0,1.0,0.0,0.0,0.0,1.8368919232902847e-11
49.39,0.12160959839820862,0.0,0.0,0.0,0.0,0.11824820190668106,0.0,0.0,0.0,0.0,0.0,0.0,0.0,1.0,0.0,0.0,0.0,7.408363852934308e-12
49.5,0.2459457963705063,0.0,0.0,0.0,0.0,0.23434540629386902,0.0,0.4046921133995056,0.0,0.0,0.0,0.0,0.0,1.0,0.02768554911017418,0.0,0.0,4.382953028292391e-11
49.61,0.03400824964046478,0.0,0.0,0.0,0.0,1.6120030466026947e-07,0.0,0.07202649861574173,0.0,0.0,0.0,0.0,0.0,1.0,0.24879950284957886,0.0,0.0,7.800714935113362e-12
49.72,0.3521254062652588,0.0,0.0,0.0,0.0,0.09761147946119308,0.0,0.3425067067146301,0.0,0.0,0.0,0.0,0.0,1.0,0.04428097978234291,0.0,0.0,1.3883600215661152e-12
49.83,0.45820170640945435,0.0,0.0,0.0,0.0,0.24728910624980927,0.0,0.28671130537986755,0.0,0.0,0.0,0.0,0.0,1.0,0.0077979410998523235,0.0,0.0,5.442827178542275e-13
49.94,0.14173360168933868,0.0,0.0,0.0,0.0,0.04448128119111061,0.0,0.6617286205291748,0.0,0.0,0.0,0.0,0.0,1.0,0.0014026600401848555,0.0,0.0,1.9754579645269582e-13
50.05,0.02522554062306881,0.0,0.0,0.0,0.0,0.007916713133454323,0.0,0.775390625,0.0,0.0,0.0,0.0,0.0,1.0,0.00024964328622445464,0.0,0.0,7.82716888536334e-15
50.160000000000004,0.054489608854055405,0.0,0.0,0.0,0.0,0.0014090050244703889,0.0,0.31300291419029236,0.0,0.0,0.0,0.0,0.0,1.0,0.5720087289810181,0.0,0.0,1.3930679721414567e-15
50.27,0.12410230189561844,0.0,0.0,0.0,0.0,0.0002507726021576673,0.0,0.4561227858066559,0.0,0.0,0.0,0.0,0.0,1.0,0.3517802059650421,0.0,0.0,2.4793620513088833e-16
50.38,0.022087540477514267,0.0,0.0,0.0,0.0,4.463213917915709e-05,0.0,0.08118007332086563,0.0,0.0,0.0,0.0,0.0,1.0,0.8845484852790833,0.0,0.0,4.41273096615683e-17
50.49,0.0029483309481292963,0.0,0.0,0.0,0.0,5.957671874057269e-06,0.0,0.010836229659616947,0.0,0.0,0.0,0.0,0.0,1.0,0.1180730015039444,0.0,0.0,5.8902848995895744e-18
50.6,0.0006996527081355453,0.0,0.0,0.0,0.0,1.4137830248728278e-06,0.0,0.0025714889634400606,0.0,0.0,0.0,0.0,0.0,1.0,0.028019269928336143,0.0,0.0,1.3977920295710685e-18
50.71,0.0062150838784873486,0.0,0.3698504865169525,0.0,0.0,0.005921937990933657,0.0,0.0,0.0,0.0,0.0,0.0,0.0,1.0,0.0,0.0,0.0,7.823348766771224e-14
50.82,0.3063245117664337,0.0,0.9880759119987488,0.0,0.0,0.0022962449584156275,0.0,0.13170769810676575,0.0,0.0,0.0,0.0,0.0,1.0,0.004986826796084642,0.0,0.0,3.0335221232755463e-14
50.93,0.8763762712478638,0.0,0.8921357989311218,0.0,0.0,0.0007686109747737646,0.0,0.023441139608621597,0.0,0.0,0.0,0.0,0.0,1.0,0.0008875480270944536,0.0,0.0,1.0153959921141431e-14
51.04,0.6527029275894165,0.0,0.7581415176391602,0.0,0.0,0.00033451049239374697,0.0,0.0041720191948115826,0.0,0.0,0.0,0.0,0.0,1.0,0.00015796450315974653,0.0,0.0,4.419147915711661e-15
51.15,0.36001479625701904,0.0,0.5744776725769043,0.0,0.0,1.4185780328190845e-09,0.0,0.0007425298099406064,0.0,0.0,0.0,0.0,0.0,1.0,2.8114289307268336e-05,0.0,0.0,1.4025319845073248e-21
51.26,0.06407489627599716,0.0,0.009663751348853111,0.0,0.0,2.524764008970948e-10,0.0,0.00013215429498814046,0.0,0.0,0.0,0.0,0.0,1.0,5.003738806408364e-06,0.0,0.0,2.496206067689545e-22
51.37,0.011403960175812244,0.0,0.118476502597332,0.0,0.0,4.493537139604875e-11,0.0,2.3520629838458262e-05,0.0,0.0,0.0,0.0,0.0,1.0,8.905579989004764e-07,0.0,0.0,4.4427109481004014e-23
51.48,9.009712084662169e-05,0.0,0.10280679911375046,0.0,0.0,8.584753231843933e-05,0.0,0.0,0.0,0.0,0.0,0.0,0.0,1.0,0.0,0.0,0.0,1.1341140124189377e-15
51.59,3.1024599593365565e-05,0.0,0.0016170350136235356,0.0,0.0,2.9561269911937416e-05,0.0,0.0,0.0,0.0,0.0,0.0,0.0,1.0,0.0,0.0,0.0,3.905277961144862e-16
51.7,0.6861631870269775,0.0,0.0,0.0,0.0,1.1193359569006134e-05,0.0,5.5815571613493375e-06,0.0,0.0,0.0,0.0,0.0,1.0,2.1133359950908925e-07,0.0,0.0,1.4787310610752443e-16
51.81,0.9439793825149536,0.0,0.0,0.0,0.0,4.910658844892168e-06,0.0,9.93397179627209e-07,0.0,0.0,0.0,0.0,0.0,1.0,3.7612839065559456e-08,0.0,0.0,6.487367771250053e-17
51.92,0.29117700457572937,0.0,0.0,0.0,0.0,2.097890046570683e-06,0.0,0.34572771191596985,0.0,0.0,0.0,0.0,0.0,1.0,0.32809218764305115,0.0,0.0,2.7714780722179023e-17
52.03,0.16622750461101532,0.0,0.0,0.0,0.0,6.011701824282928e-14,0.0,0.46194711327552795,0.0,0.0,0.0,0.0,0.0,1.0,0.30836841464042664,0.0,0.0,5.943703921564406e-26
52.14,0.02958492934703827,0.0,0.0,0.0,0.0,1.0699539771698557e-14,0.0,0.08221667259931564,0.0,0.0,0.0,0.0,0.0,1.0,0.8768221735954285,0.0,0.0,1.0578519968424794e-26
52.25,0.005265481770038605,0.0,0.0,0.0,0.0,1.90428803707233e-15,0.0,0.014632799662649632,0.0,0.0,0.0,0.0,0.0,1.0,0.9779947996139526,0.0,0.0,1.8827490542901185e-27
52.36,0.0009371427004225552,0.0,0.0,0.0,0.0,1.2023459703414119e-06,0.0,0.0026043239049613476,0.0,0.0,0.0,0.0,0.0,1.0,0.670838475227356,0.0,0.0,1.588394067563319e-17
52.47,0.0001667913020355627,0.0,0.0,0.0,0.0,6.032088885589846e-17,0.0,0.00046351380296982825,0.0,0.0,0.0,0.0,0.0,1.0,0.5038778781890869,0.0,0.0,5.96386114732625e-29
52.58,2.9685259505640715e-05,0.0,0.0,0.0,0.0,1.0735820006009361e-17,0.0,8.249549136962742e-05,0.0,0.0,0.0,0.0,0.0,1.0,0.08967942744493484,0.0,0.0,1.0614389739563525e-29
52.69,5.283337941364152e-06,0.0,0.0,0.0,0.0,1.9107460627620194e-18,0.0,1.4682420442113653e-05,0.0,0.0,0.0,0.0,0.0,1.0,0.01596101000905037,0.0,0.0,1.88913396194096e-30
52.8,0.0934944897890091,0.0,0.0,0.0,0.0,0.06612630188465118,0.0,0.0,0.0,0.0,0.0,0.0,0.0,1.0,0.0,0.0,0.0,6.054302820939958e-18
52.910000000000004,0.1545518934726715,0.0,0.0,0.0,0.0,0.12243840098381042,0.0,0.0,0.0,0.0,0.0,0.0,0.0,1.0,0.0,0.0,0.0,2.1694509352410416e-18
53.02,0.10605770349502563,0.0,0.0,0.0,0.0,0.07596281170845032,0.0,0.0,0.0,0.0,0.0,0.0,0.0,1.0,0.0,0.0,0.0,7.741974195723217e-19
53.13,0.1440196931362152,0.0,0.0,0.0,0.0,0.09447439759969711,0.0,3.484208036752534e-06,0.0,0.0,0.0,0.0,0.0,1.0,0.5818548202514648,0.0,0.0,2.8173510584675286e-19
53.24,0.05067424848675728,0.0,0.08624494820833206,0.0,0.0,0.03324142098426819,0.0,6.138068897598714e-07,0.0,0.0,0.0,0.0,0.0,1.0,0.916083812713623,0.0,0.0,9.913031981002931e-20
53.35,3.971457118723265e-08,0.0,0.8336656093597412,0.0,0.0,1.436297997943751e-20,0.0,1.1036699731903354e-07,0.0,0.0,0.0,0.0,0.0,1.0,0.22403879463672638,0.0,0.0,1.4200519832174304e-32
53.46,7.0683401354187936e-09,0.0,0.901945173740387,0.0,0.0,2.5563009108476555e-21,0.0,1.9642959259158488e-08,0.0,0.0,0.0,0.0,0.0,1.0,0.03987409919500351,0.0,0.0,2.5273870573488138e-33
53.57,0.028206229209899902,0.0,0.03719501942396164,0.0,0.0,0.018502790480852127,0.0,0.3499999940395355,0.0,0.0,0.0,0.0,0.0,1.0,0.007096732966601849,0.0,0.0,5.517776776929448e-20
53.68,0.012168530374765396,0.0,0.0,0.0,0.0,0.007982343435287476,0.0,0.6932129263877869,0.0,0.0,0.0,0.0,0.0,1.0,0.0016840880271047354,0.0,0.0,2.380440010407216e-20
53.79,5.313232145920388e-11,0.0,0.0,0.0,0.0,1.9215580378074557e-23,0.0,0.1233770027756691,0.0,0.0,0.0,0.0,0.0,1.0,0.00029973150230944157,0.0,0.0,1.8998230069366272e-35
53.9,9.456412215780308e-12,0.0,0.0,0.0,0.0,3.419960120887778e-24,0.0,0.02195845916867256,0.0,0.0,0.0,0.0,0.0,1.0,5.334577144822106e-05,0.0,0.0,3.381277859942024e-36
54.01,0.025459880009293556,0.0,0.0,0.0,0.0,0.011464370414614677,0.0,0.0,0.0,0.0,0.0,0.0,0.0,1.0,0.0,0.0,0.0,1.3402859971778559e-20
54.12,0.2778834104537964,0.0,0.0,0.0,0.0,0.09460478276014328,0.0,0.0,0.0,0.0,0.0,0.0,0.0,1.0,0.0,0.0,0.0,7.979976966980282e-21
54.23,0.3807392120361328,0.0,0.0,0.0,0.0,0.16828089952468872,0.0,0.4014171063899994,0.0,0.0,0.0,0.0,0.0,1.0,5.340600182535127e-06,0.0,0.0,2.9268299635025703e-21
54.34,0.15513309836387634,0.0,0.0,0.0,0.0,0.0685664489865303,0.0,0.14615750312805176,0.0,0.0,0.0,0.0,0.0,1.0,0.6301431059837341,0.0,0.0,1.1925430175537539e-21
54.45,0.1696012020111084,0.0,0.0,0.0,0.0,0.02861917018890381,0.0,0.6036316752433777,0.0,0.0,0.0,0.0,0.0,1.0,0.12165310233831406,0.0,0.0,4.977595181877377e-22
54.56,0.8520423769950867,0.0,0.0,0.0,0.0,2.5736689107122563e-27,0.0,0.1074334979057312,0.0,0.0,0.0,0.0,0.0,1.0,0.021651629358530045,0.0,0.0,2.544556224235005e-39
54.67,0.9319859147071838,0.0,0.0,0.0,0.0,4.580576890727187e-28,0.0,0.060649171471595764,0.0,0.0,0.0,0.0,0.0,1.0,0.003853525035083294,0.0,0.0,4.5287584159588736e-40
54.78,0.33027780055999756,0.0,0.0,0.0,0.0,8.152442797144833e-29,0.0,0.33960288763046265,0.0,0.0,0.0,0.0,0.0,1.0,0.0006858446286059916,0.0,0.0,8.060128636949915e-41
54.89,0.5394952297210693,0.0,0.0,0.0,0.0,1.450959960304717e-29,0.0,0.3242115080356598,0.0,0.0,0.0,0.0,0.0,1.0,0.00012206559767946601,0.0,0.0,1.4346493677757477e-41
55.0,0.634645402431488,0.0,0.0,0.0,0.0,2.4409059320813464e-30,0.0,0.36533409357070923,0.0,0.0,0.0,0.0,0.0,1.0,2.0534729628707282e-05,0.0,0.0,2.4116346571030102e-42
55.11,0.16102910041809082,0.0,0.0,0.0,0.0,4.596110971460874e-31,0.0,0.7026774287223816,0.0,0.0,0.0,0.0,0.0,1.0,3.866593942802865e-06,0.0,0.0,4.540207024412407e-43
55.22,0.16537849605083466,0.0,0.0,0.0,0.0,8.180091214208377e-32,0.0,0.7143192887306213,0.0,0.0,0.0,0.0,0.0,1.0,6.881705871819577e-07,0.0,0.0,7.987401246651457e-44
55.33,0.19349630177021027,0.0,0.0,0.0,0.0,0.013983340002596378,0.0,0.1927585005760193,0.0,0.0,0.0,0.0,0.0,1.0,1.2247960512468126e-07,0.0,0.0,0.2498749941587448
55.44,0.3379538059234619,0.0,0.0,0.0,0.0,0.005365084856748581,0.0,0.20774440467357635,0.0,0.0,0.0,0.0,0.0,1.0,0.24997499585151672,0.0,0.0,0.044472381472587585
55.55,0.06014851853251457,0.0,0.0,0.0,0.0,4.6116989779685176e-34,0.0,0.03697403892874718,0.0,0.0,0.0,0.0,0.0,1.0,0.2883622944355011,0.0,0.0,0.007915128953754902
55.660000000000004,0.010705149732530117,0.0,0.0,0.0,0.0,8.207831907431524e-35,0.0,0.0065805851481854916,0.0,0.0,0.0,0.0,0.0,1.0,0.05132228136062622,0.0,0.0,0.0014087229501456022
55.77,0.22065530717372894,0.0,0.20804889500141144,0.0,0.0,0.0020974280778318644,0.0,0.08867120742797852,0.0,0.0,0.0,0.0,0.0,1.0,0.009134264662861824,0.0,0.0,0.0002507223980501294
55.88,0.614686906337738,0.0,0.37816110253334045,0.0,0.0,0.0011946740560233593,0.0,0.3445901870727539,0.0,0.0,0.0,0.0,0.0,1.0,0.0016257029492408037,0.0,0.0,4.462320066522807e-05
55.99,0.6081879734992981,0.0,0.023471830412745476,0.0,0.0,4.627338193469844e-37,0.0,0.1588882952928543,0.0,0.0,0.0,0.0,0.0,1.0,0.00028934021247550845,0.0,0.0,7.94196967035532e-06
56.1,0.1082443967461586,0.0,0.0,0.0,0.0,8.235665932459571e-38,0.0,0.028278689831495285,0.0,0.0,0.0,0.0,0.0,1.0,5.149633943801746e-05,0.0,0.0,1.413499944646901e-06
56.21,0.4630993902683258,0.0,0.0,0.0,0.0,0.00024343379482161254,0.0,0.006710667163133621,0.0,0.0,0.0,0.0,0.0,1.0,1.2220320058986545e-05,0.0,0.0,3.354302009483945e-07
56.32,0.6224883794784546,0.0,0.0,0.0,0.0,4.6377934494679876e-39,0.0,0.001592473010532558,0.0,0.0,0.0,0.0,0.0,1.0,2.8999390906392364e-06,0.0,0.0,7.959916104027798e-08
56.43,0.11078959703445435,0.0,0.0,0.0,0.0,8.254264526197475e-40,0.0,0.00028342590667307377,0.0,0.0,0.0,0.0,0.0,1.0,5.161268745723646e-07,0.0,0.0,1.416693962141835e-08
56.54,0.01971816085278988,0.0,0.0,0.0,0.0,1.4690792710442085e-40,0.0,5.044371937401593e-05,0.0,0.0,0.0,0.0,0.0,1.0,9.185949068069021e-08,0.0,0.0,2.5214110799254286e-09
56.65,0.48202499747276306,0.0,0.0,0.0,0.0,6.015232065692544e-05,0.0,0.2734465003013611,0.0,0.0,0.0,0.0,0.0,1.0,1.6349019915651297e-08,0.0,0.0,4.48757003779221e-10
56.76,0.1273183971643448,0.0,0.0,0.0,0.0,4.6537122000227175e-42,0.0,0.07239806652069092,0.0,0.0,0.0,0.0,0.0,1.0,2.909773977322061e-09,0.0,0.0,7.986911132462637e-11
56.87,0.022659940645098686,0.0,0.0,0.0,0.0,8.281673924159669e-43,0.0,0.012885300442576408,0.0,0.0,0.0,0.0,0.0,1.0,5.178771855796072e-10,0.0,0.0,1.4214990295968732e-11
56.98,7.500415085814893e-05,0.0,0.0,0.0,0.0,3.315069989184849e-05,0.0,0.0,0.0,0.0,0.0,0.0,0.0,1.0,0.0,0.0,0.0,5.765740968910588e-25
57.09,0.2459648996591568,0.0,0.0,0.0,0.0,0.03661540150642395,0.0,0.0,0.0,0.0,0.0,0.0,0.0,1.0,0.0,0.0,0.0,3.9544470586749053e-25
57.2,0.6092445850372314,0.0,0.0,0.0,0.0,0.06758377701044083,0.0,0.0,0.0,0.0,0.0,0.0,0.0,1.0,0.0,0.0,0.0,1.352978050253919e-25
57.31,0.692431628704071,0.0,0.0,0.0,0.0,0.053842850029468536,0.0,0.0,0.0,0.0,0.0,0.0,0.0,1.0,0.0,0.0,0.0,8.729489171154634e-26
57.42,0.38315120339393616,0.0,0.0,0.0,0.0,0.02708796039223671,0.0,0.0,0.0,0.0,0.0,0.0,0.0,1.0,0.0,0.0,0.0,4.0473550285277935e-26
57.53,0.1364029049873352,0.0,0.0,0.0,0.0,0.00964338704943657,0.0,0.0,0.0,0.0,0.0,0.0,0.0,1.0,0.0,0.0,0.0,1.4408689263793599e-26
57.64,0.0682014524936676,0.0,0.0,0.0,0.0,0.004821693990379572,0.0,0.0,0.0,0.0,0.0,0.0,0.0,1.0,0.0,0.0,0.0,7.204346943012733e-27
57.75,0.034100718796253204,0.0,0.0,0.0,0.0,0.002410846995189786,0.0,0.0,0.0,0.0,0.0,0.0,0.0,1.0,0.0,0.0,0.0,3.6021730863203774e-27
57.86,0.015902679413557053,0.0,0.0,0.0,0.0,0.0011242839973419905,0.0,0.0,0.0,0.0,0.0,0.0,0.0,1.0,0.0,0.0,0.0,1.6798529124279065e-27
57.97,0.009054207243025303,0.0,0.0,0.0,0.0,0.0006401126738637686,0.0,0.0,0.0,0.0,0.0,0.0,0.0,1.0,0.0,0.0,0.0,9.564262474394288e-28
58.08,0.10012979805469513,0.0,0.0,0.0,0.0,0.00024739481159485877,0.0,0.0,0.0,0.0,0.0,0.0,0.0,1.0,0.0,0.0,0.0,0.009132477454841137
58.19,0.5327664017677307,0.0,0.0,0.0,0.0,0.03734739124774933,0.0,0.0,0.0,0.0,0.0,0.0,0.0,1.0,0.0,0.0,0.0,0.020847350358963013
58.3,0.5857964158058167,0.0,0.0,0.0,0.0,0.11810009926557541,0.0,0.0,0.0,0.0,0.0,0.0,0.0,1.0,0.0,0.0,0.0,0.007754805963486433
58.410000000000004,0.5350415706634521,0.0,0.0,0.0,0.0,0.16314169764518738,0.0,0.0,0.0,0.0,0.0,0.0,0.0,1.0,0.0,0.0,0.0,0.002729959087446332
58.52,0.3531658947467804,0.0,0.0,0.0,0.0,0.12176279723644257,0.0,0.0,0.0,0.0,0.0,0.0,0.0,1.0,0.0,0.0,0.0,0.0010230280458927155
58.63,0.1418645977973938,0.0,0.23540739715099335,0.0,0.0,0.048911381512880325,0.0,0.0,0.0,0.0,0.0,0.0,0.0,1.0,0.0,0.0,0.0,0.0004109443980269134
58.74,0.10714910179376602,0.0,0.3938989043235779,0.0,0.0,6.165713243029195e-44,0.0,0.000967488915193826,0.0,0.0,0.0,0.0,0.0,1.0,3.8884648972947744e-11,0.0,0.0,1.0673279751335918e-12
58.85,0.019070230424404144,0.0,0.2102660983800888,0.0,0.0,1.1210387714598537e-44,0.0,0.00017219220171682537,0.0,0.0,0.0,0.0,0.0,1.0,6.9206311688330135e-12,0.0,0.0,1.8996139568034504e-13
58.96,0.0033940919674932957,0.0,0.0,0.0,0.0,2.802596928649634e-45,0.0,3.064651173190214e-05,0.0,0.0,0.0,0.0,0.0,1.0,1.2317229484623549e-12,0.0,0.0,3.3809049039112277e-14
59.07,0.05594730004668236,0.0,0.07284983992576599,0.0,0.0,0.02124526910483837,0.0,0.0,0.0,0.0,0.0,0.0,0.0,1.0,0.0,0.0,0.0,0.0001225240994244814
59.18,0.026277730241417885,0.0,0.0634535625576973,0.0,0.0,0.00997863244265318,0.0,0.0,0.0,0.0,0.0,0.0,0.0,1.0,0.0,0.0,0.0,5.754801895818673e-05
